分类,English,德语/German,意大利语/Italian,西班牙语/Spanish,法语/French,波兰语/Polish,荷兰语/Dutch,爱尔兰语/Irish,日语/Japanese,阿拉伯语/Arabic,葡萄牙语/Portuguese
页面标题,INIU Care Center,INIU Care Center,INIU Care Center,INIU Care Center,INIU Care Center,INIU Care Center,INIU Care Center,INIU Care Center,INIU Care Center,INIU Care Center,INIU Care Center
页面标题,A few quick details help us understand what you need and get you the right support faster. It only takes a few moments—we've got you.,"Ein paar kurze Angaben helfen uns zu verstehen, was Sie brauchen, und bringen Sie schneller zur richtigen Unterstützung. Es dauert nur einen Moment – wir sind für Sie da.",Qualche rapido dettaglio ci aiuta a capire di cosa hai bisogno e a offrirti il supporto giusto più velocemente. Bastano pochi istanti – ci pensiamo noi.,"Unos pocos detalles rápidos nos ayudan a entender lo que necesitas y brindarte el soporte adecuado más rápido. Solo toma unos momentos, estamos contigo.",Quelques détails rapides nous aident à comprendre ce dont vous avez besoin et à vous apporter le bon support plus rapidement. Cela ne prend que quelques instants – nous sommes là pour vous.,"Kilka krótkich informacji pomoże nam zrozumieć, czego potrzebujesz, i szybciej zapewnić Ci odpowiednie wsparcie. To zajmie tylko chwilę – jesteśmy do Twojej dyspozycji.",Een paar snelle gegevens helpen ons te begrijpen wat je nodig hebt en je sneller de juiste ondersteuning te bieden. Het duurt maar even – we staan voor je klaar.,Cuidíonn cúpla sonra tapa linn tuiscint a fháil ar a bhfuil uait agus an tacaíocht cheart a thabhairt duit níos tapúla. Ní thógann sé ach cúpla nóiméad – táimid anseo duit.,いくつかの簡単な情報で、お客様のニーズを理解し、適切なサポートをより早く提供できます。ほんの少しのお時間で完了します––私たちがサポートします。,تساعدنا بعض التفاصيل السريعة في فهم ما تحتاج إليه وتقديم الدعم المناسب لك بشكل أسرع. لن يستغرق الأمر سوى بضع لحظات – نحن هنا من أجلك.,Alguns detalhes rápidos nos ajudam a entender o que você precisa e a oferecer o suporte certo mais rapidamente. Leva apenas alguns instantes – estamos aqui por você.
主分类,How can we help you?,Wie können wir Ihnen helfen?,Come possiamo aiutarti?,¿Cómo podemos ayudarte?,Comment pouvons-nous vous aider ?,Jak możemy Ci pomóc?,Hoe kunnen we je helpen?,Conas is féidir linn cabhrú leat?,どのようにお手伝いできますか？,كيف يمكننا مساعدتك؟,Como podemos ajudar você?
主分类,Activate my warranty,Meine Garantie aktivieren,Attiva la mia garanzia,Activar mi garantía,Activer ma garantie,Aktywuj moją gwarancję,Mijn garantie activeren,Gníomhachtaigh mo bharántas,保証を有効化する,تفعيل الضمان الخاص بي,Ativar minha garantia
主分类,Order & Product Support,Bestell- & Produktsupport,Supporto ordini e prodotti,Soporte de pedidos y productos,Assistance commandes et produits,Wsparcie zamówień i produktów,Order- en productondersteuning,Tacaíocht Ordaithe & Táirgí,注文・製品サポート,دعم الطلبات والمنتجات,Suporte de pedidos e produtos
主分类,Pre-Sales & Product Inquiry,Vorverkauf & Produktanfrage,Prevendita e informazioni prodotto,Preventa y consulta de productos,Pré-vente et demande de renseignements,Przedsprzedaż i zapytania o produkty,Pre-sales & productinformatie,Réamhdhíol & Fiosrúchán Táirgí,購入前・製品問い合わせ,استفسارات ما قبل البيع والمنتجات,Pré-venda e consulta de produtos
主分类,Business & Partnerships,Geschäft & Partnerschaften,Business e partnership,Negocios y colaboraciones,Affaires et partenariats,Biznes i partnerstwa,Zakelijk & partnerschappen,Gnó & Comhpháirtíochtaí,ビジネス・パートナーシップ,الأعمال والشراكات,Negócios e parcerias
主分类,Account,Konto,Account,Cuenta,Compte,Konto,Account,Cuntas,アカウント,الحساب,Conta
主分类,Other Issues,Andere Probleme,Altri problemi,Otros problemas,Autres problèmes,Inne problemy,Andere problemen,Saincheisteanna Eile,その他の問題,مشكلات أخرى,Outros problemas
保修,Activate Warranty Now,Garantie jetzt aktivieren,Attiva la garanzia ora,Activar garantía ahora,Activer la garantie maintenant,Aktywuj gwarancję teraz,Garantie nu activeren,Gníomhachtaigh Barántas Anois,今すぐ保証を有効化,تفعيل الضمان الآن,Ativar garantia agora
账户,Account Access & Security,Kontozugriff & Sicherheit,Accesso e sicurezza account,Acceso y seguridad de la cuenta,Accès au compte et sécurité,Dostęp do konta i bezpieczeństwo,Accounttoegang en beveiliging,Rochtain & Slándáil Cuntais,アカウントアクセスとセキュリティ,الوصول إلى الحساب والأمان,Acesso e segurança da conta
账户,Newsletter & Subscriptions,Newsletter & Abonnements,Newsletter e abbonamenti,Boletín y suscripciones,Newsletter et abonnements,Newsletter i subskrypcje,Nieuwsbrief en abonnementen,Nuachtlitir & Síntiúis,ニュースレターと購読,النشرة الإخبارية والاشتراكات,Newsletter e assinaturas
账户,Password Reset Issue,Problem mit Passwort-Zurücksetzung,Problema di reimpostazione password,Problema al restablecer contraseña,Problème de réinitialisation du mot de passe,Problem z resetowaniem hasła,Probleem met wachtwoord resetten,Fadhb Athshocraithe Pasfhocal,パスワードリセットの問題,مشكلة إعادة تعيين كلمة المرور,Problema ao redefinir senha
账户,Verification Code Not Received,Bestätigungscode nicht erhalten,Codice di verifica non ricevuto,Código de verificación no recibido,Code de vérification non reçu,Nie otrzymano kodu weryfikacyjnego,Verificatiecode niet ontvangen,Cód Deimhnithe nár Fuarthas,確認コードが届かない,لم يتم استلام رمز التحقق,Código de verificação não recebido
账户,Account Locked / Delete Account,Konto gesperrt / Konto löschen,Account bloccato / Elimina account,Cuenta bloqueada / Eliminar cuenta,Compte verrouillé / Supprimer le compte,Konto zablokowane / Usuń konto,Account vergrendeld / Account verwijderen,Cuntas Faoi Ghlas / Scrios Cuntas,アカウントロック / アカウント削除,الحساب مقفل / حذف الحساب,Conta bloqueada / Excluir conta
账户,Unsubscribe Newsletter,Newsletter abbestellen,Annulla iscrizione newsletter,Cancelar suscripción al boletín,Se désabonner de la newsletter,Anuluj subskrypcję newslettera,Afmelden voor nieuwsbrief,Díliostáil ón Nuachtlitir,ニュースレター配信停止,إلغاء الاشتراك في النشرة الإخبارية,Cancelar inscrição na newsletter
账户,Update Email Preference,E-Mail-Einstellungen aktualisieren,Aggiorna preferenze email,Actualizar preferencias de correo,Mettre à jour les préférences email,Zaktualizuj preferencje e-mail,E-mailvoorkeuren bijwerken,Nuashonraigh Sainroghanna Ríomhphoist,メール設定を更新,تحديث تفضيلات البريد الإلكتروني,Atualizar preferências de e-mail
售前,Product & Compatibility,Produkt & Kompatibilität,Prodotto e compatibilità,Producto y compatibilidad,Produit et compatibilité,Produkt i kompatybilność,Product en compatibiliteit,Táirge & Comhoiriúnacht,製品と互換性,المنتج والتوافق,Produto e compatibilidade
售前,Shipping & Delivery,Versand & Lieferung,Spedizione e consegna,Envío y entrega,Expédition et livraison,Wysyłka i dostawa,Verzending en levering,Loingseoireacht & Seachadadh,発送と配送,الشحن والتوصيل,Envio e entrega
售前,Warranty Policy,Garantiebestimmungen,Politica di garanzia,Política de garantía,Politique de garantie,Polityka gwarancyjna,Garantiebeleid,Polasaí Barántais,保証ポリシー,سياسة الضمان,Política de garantia
售前,Payment & Coupon Issues,Zahlungs- & Gutscheinprobleme,Problemi di pagamento e coupon,Problemas de pago y cupones,Problèmes de paiement et de coupons,Problemy z płatnościami i kuponami,Betalings- en couponproblemen,Saincheisteanna Íocaíochta & Cúpóin,支払い・クーポンの問題,مشكلات الدفع والكوبونات,Problemas de pagamento e cupons
售前,Is it compatible with my device?,Ist es mit meinem Gerät kompatibel?,È compatibile con il mio dispositivo?,¿Es compatible con mi dispositivo?,Est-il compatible avec mon appareil ?,Czy jest kompatybilny z moim urządzeniem?,Is het compatibel met mijn apparaat?,An bhfuil sé comhoiriúnach le mo ghléas?,私のデバイスと互換性がありますか？,هل هو متوافق مع جهازي؟,É compatível com meu dispositivo?
售前,Charging speed & Protocol,Ladegeschwindigkeit & Protokoll,Velocità di ricarica e protocollo,Velocidad de carga y protocolo,Vitesse de charge et protocole,Szybkość ładowania i protokół,Laadsnelheid en protocol,Luas Luchtaithe & Prótacal,充電速度とプロトコル,سرعة الشحن والبروتوكول,Velocidade de carregamento e protocolo
售前,Flight safety & Size,Flugsicherheit & Größe,Sicurezza in volo e dimensioni,Seguridad en vuelo y tamaño,Sécurité aérienne et taille,Bezpieczeństwo lotnicze i rozmiar,Vliegveiligheid en formaat,Sábháilteacht Eitilte & Méid,航空安全とサイズ,السلامة الجوية والحجم,Segurança em voo e tamanho
售前,Other Product Specs,Weitere Produktspezifikationen,Altre specifiche del prodotto,Otras especificaciones del producto,Autres spécifications du produit,Inne specyfikacje produktu,Andere productspecificaties,Sonraíochtaí Táirge Eile,その他の製品仕様,مواصفات المنتج الأخرى,Outras especificações do produto
售前,Check Shipping Policy Now,Versandrichtlinien jetzt prüfen,Controlla la politica di spedizione ora,Consultar política de envío ahora,Vérifier la politique d'expédition maintenant,Sprawdź politykę wysyłki teraz,Bekijk verzendbeleid nu,Seiceáil Polasaí Loingseoireachta Anois,配送ポリシーを今すぐ確認,تحقق من سياسة الشحن الآن,Verificar política de envio agora
售前,Check Warranty Policy Now,Garantiebestimmungen jetzt prüfen,Controlla la politica di garanzia ora,Consultar política de garantía ahora,Vérifier la politique de garantie maintenant,Sprawdź politykę gwarancyjną teraz,Bekijk garantiebeleid nu,Seiceáil Polasaí Barántais Anois,保証ポリシーを今すぐ確認,تحقق من سياسة الضمان الآن,Verificar política de garantia agora
售前,My coupon doesn't work,Mein Gutschein funktioniert nicht,Il mio coupon non funziona,Mi cupón no funciona,Mon coupon ne fonctionne pas,Mój kupon nie działa,Mijn coupon werkt niet,Níl mo chúpón ag obair,クーポンが使えない,الكوبون الخاص بي لا يعمل,Meu cupom não funciona
售前,Payment methods issue,Problem mit Zahlungsmethoden,Problema con i metodi di pagamento,Problema con métodos de pago,Problème de moyens de paiement,Problem z metodami płatności,Probleem met betaalmethoden,Fadhb le Modhanna Íocaíochta,支払い方法の問題,مشكلة في طرق الدفع,Problema com métodos de pagamento
商务,Influencer / Content Creator,Influencer / Content Creator,Influencer / Creatore di contenuti,Influencer / Creador de contenido,Influenceur / Créateur de contenu,Influencer / Twórca treści,Influencer / Content creator,Tioncharóir / Cruthaitheoir Ábhair,インフルエンサー / コンテンツクリエイター,مؤثر / صانع محتوى,Influenciador / Criador de conteúdo
商务,Brand Collaboration,Markenkooperation,Collaborazione con il marchio,Colaboración de marca,Collaboration de marque,Współpraca z marką,Merksamenwerking,Comhoibriú Branda,ブランドコラボレーション,تعاون مع العلامة التجارية,Colaboração de marca
商务,B2B / Wholesale / Distribution,B2B / Großhandel / Vertrieb,B2B / Commercio all'ingrosso / Distribuzione,B2B / Mayorista / Distribución,B2B / Vente en gros / Distribution,B2B / Hurt / Dystrybucja,B2B / Groothandel / Distributie,B2B / Mórdhíol / Dáileadh,B2B / 卸売 / 流通,B2B / البيع بالجملة / التوزيع,B2B / Atacado / Distribuição
商务,Platform,Plattform,Piattaforma,Plataforma,Plateforme,Platforma,Platform,Ardán,プラットフォーム,المنصة,Plataforma
商务,YouTube,YouTube,YouTube,YouTube,YouTube,YouTube,YouTube,YouTube,YouTube,يوتيوب,YouTube
商务,TikTok,TikTok,TikTok,TikTok,TikTok,TikTok,TikTok,TikTok,TikTok,تيك توك,TikTok
商务,Instagram,Instagram,Instagram,Instagram,Instagram,Instagram,Instagram,Instagram,Instagram,انستغرام,Instagram
商务,Amazon,Amazon,Amazon,Amazon,Amazon,Amazon,Amazon,Amazon,Amazon,أمازون,Amazon
商务,Facebook,Facebook,Facebook,Facebook,Facebook,Facebook,Facebook,Facebook,Facebook,فيسبوك,Facebook
商务,Other,Andere,Altro,Otro,Autre,Inne,Anders,Eile,その他,أخرى,Outro
商务,Collaboration type,Art der Zusammenarbeit,Tipo di collaborazione,Tipo de colaboración,Type de collaboration,Rodzaj współpracy,Type samenwerking,Cineál Comhoibrithe,コラボレーションの種類,نوع التعاون,Tipo de colaboração
商务,Sponsorship,Sponsoring,Sponsorizzazione,Patrocinio,Sponsoring,Sponsoring,Sponsoring,Urraíocht,スポンサーシップ,رعاية,Patrocínio
商务,Affiliate Marketing,Affiliate-Marketing,Marketing di affiliazione,Marketing de afiliados,Marketing d'affiliation,Marketing afiliacyjny,Affiliate marketing,Margaithe Cleamhnaithe,アフィリエイトマーケティング,التسويق بالعمولة,Marketing de afiliados
商务,Product Seeding/Gifting,Produkt-Seeding / Geschenke,Invio prodotti / Omaggi,Envío de productos / Regalos,Envoi de produits / Cadeaux,Wysyłka produktów / Prezenty,Product seeding / Geschenken,Síolrú Táirgí / Bronntanais,製品シーディング / ギフティング,إرسال المنتجات / الهدايا,Envio de produtos / Brindes
商务,Co-created Product,Gemeinsam entwickeltes Produkt,Prodotto co-creato,Producto co-creado,Produit co-créé,Współtworzony produkt,Co-creatie product,Táirge Cómhchruthaithe,共同開発製品,منتج تم إنشاؤه بشكل مشترك,Produto co-criado
商务,Channel/Social link,Kanal-/Social-Media-Link,Link canale/social,Enlace de canal/red social,Lien chaîne/réseau social,Link do kanału/mediów społecznościowych,Kanaal-/socialmedialink,Nasc Cainéil/Shóisialta,チャンネル/ソーシャルリンク,رابط القناة / وسائل التواصل,Link do canal/rede social
售后,Order & Product support,Bestell- & Produktsupport,Supporto ordini e prodotti,Soporte de pedidos y productos,Assistance commandes et produits,Wsparcie zamówień i produktów,Order- en productondersteuning,Tacaíocht Ordaithe & Táirgí,注文・製品サポート,دعم الطلبات والمنتجات,Suporte de pedidos e produtos
售后,Product Defect / Issue,Produktdefekt / Problem,Difetto / Problema del prodotto,Defecto / Problema del producto,Défaut / Problème du produit,Wada / Problem z produktem,Productdefect / Probleem,Locht / Saincheist Táirge,製品不良 / 問題,عيب / مشكلة في المنتج,Defeito / Problema do produto
售后,Order & Shipping,Bestellung & Versand,Ordine e spedizione,Pedido y envío,Commande et expédition,Zamówienie i wysyłka,Bestelling en verzending,Ordú & Loingseoireacht,注文と配送,الطلب والشحن,Pedido e envio
售后,"💡 Purchased through Amazon, Offline Shops or Other platform? Contact their support team first for the fastest refund and replacement. Still need help? We're here for you. Submit the form below and we'll be happy to assist.","💡 Über Amazon, Ladengeschäfte oder andere Plattformen gekauft? Kontaktieren Sie zuerst deren Support-Team für die schnellste Rückerstattung und Ersatz. Brauchen Sie trotzdem Hilfe? Wir sind für Sie da. Füllen Sie das untenstehende Formular aus und wir helfen Ihnen gerne weiter.","💡 Acquistato tramite Amazon, negozi fisici o altra piattaforma? Contatta prima il loro team di supporto per il rimborso e la sostituzione più rapidi. Hai ancora bisogno di aiuto? Siamo qui per te. Invia il modulo qui sotto e saremo lieti di assisterti.","💡 ¿Compraste a través de Amazon, tiendas físicas u otra plataforma? Contacta primero a su equipo de soporte para el reembolso y reemplazo más rápido. ¿Aún necesitas ayuda? Estamos aquí para ti. Envía el formulario a continuación y estaremos encantados de ayudarte.","💡 Acheté via Amazon, magasins physiques ou autre plateforme ? Contactez d'abord leur équipe d'assistance pour le remboursement et le remplacement les plus rapides. Encore besoin d'aide ? Nous sommes là pour vous. Soumettez le formulaire ci-dessous et nous serons ravis de vous aider.","💡 Kupiłeś przez Amazon, sklepy stacjonarne lub inną platformę? Skontaktuj się najpierw z ich zespołem wsparcia, aby uzyskać najszybszy zwrot i wymianę. Nadal potrzebujesz pomocy? Jesteśmy tutaj dla Ciebie. Prześlij poniższy formularz, a chętnie pomożemy.","💡 Gekocht via Amazon, fysieke winkels of een ander platform? Neem eerst contact op met hun supportteam voor de snelste terugbetaling en vervanging. Nog steeds hulp nodig? We zijn er voor je. Dien het onderstaande formulier in en we helpen je graag verder.","💡 Ceannaithe trí Amazon, Siopaí As Líne nó ardán eile? Déan teagmháil lena bhfoireann tacaíochta ar dtús chun an t-aisíocaíocht agus an t-athsholáthar is tapúla a fháil. Fós ag teastáil cabhair? Táimid anseo duit. Cuir isteach an fhoirm thíos agus beimid sásta cabhrú.",💡 Amazon、実店舗、その他のプラットフォームで購入されましたか？最速の返金・交換については、まず各販売元のサポートチームにお問い合わせください。それでもサポートが必要ですか？私たちがお手伝いします。以下のフォームを送信してください。,💡 هل اشتريت عبر أمازون أو المتاجر الفعلية أو منصة أخرى؟ اتصل بفريق الدعم الخاص بهم أولاً للحصول على أسرع استرداد واستبدال. هل ما زلت بحاجة إلى مساعدة؟ نحن هنا من أجلك. أرسل النموذج أدناه وسنكون سعداء بمساعدتك.,"💡 Comprou pela Amazon, lojas físicas ou outra plataforma? Entre em contato primeiro com a equipe de suporte deles para o reembolso e substituição mais rápidos. Ainda precisa de ajuda? Estamos aqui por você. Envie o formulário abaixo e teremos prazer em ajudar."
售后,Track Package / Not Received,Paket verfolgen / Nicht erhalten,Traccia pacco / Non ricevuto,Rastrear paquete / No recibido,Suivre le colis / Non reçu,Śledź przesyłkę / Nie otrzymano,Pakket volgen / Niet ontvangen,Rianaigh Beartán / Nár Fuarthas,荷物の追跡 / 未着,تتبع الطرد / لم يتم الاستلام,Rastrear pacote / Não recebido
售后,Package Lost,Paket verloren,Pacco smarrito,Paquete perdido,Colis perdu,Zagubiona przesyłka,Pakket verloren,Beartán Caillte,荷物の紛失,الطرد مفقود,Pacote perdido
售后,Invoice,Rechnung,Fattura,Factura,Facture,Faktura,Factuur,Sonrasc,請求書,فاتورة,Nota fiscal
售后,Hassle‑Free Returns,Problemlose Rücksendung,Resi senza problemi,Devoluciones sin complicaciones,Retours sans tracas,Bezproblemowe zwroty,Probleemloos retourneren,Tuairisceáin Gan Stró,手間のかからない返品,إرجاع سهل بدون متاعب,Devoluções sem complicações
售后,Cancel Order,Bestellung stornieren,Annulla ordine,Cancelar pedido,Annuler la commande,Anuluj zamówienie,Bestelling annuleren,Cealaigh Ordú,注文をキャンセル,إلغاء الطلب,Cancelar pedido
售后,Change Address,Adresse ändern,Cambia indirizzo,Cambiar dirección,Changer l'adresse,Zmień adres,Adres wijzigen,Athraigh Seoladh,住所変更,تغيير العنوان,Alterar endereço
售后,Wrong Item / Missing Parts / Physical Damage,Falscher Artikel / Fehlende Teile / Physischer Schaden,Articolo sbagliato / Parti mancanti / Danni fisici,Artículo incorrecto / Piezas faltantes / Daño físico,Mauvais article / Pièces manquantes / Dommages physiques,Niewłaściwy przedmiot / Brakujące części / Uszkodzenie fizyczne,Verkeerd artikel / Ontbrekende onderdelen / Fysieke schade,Mír Mhícheart / Páirteanna ar Iarraidh / Damáiste Fisiciúil,誤った商品 / 部品不足 / 物理的損傷,المنتج خاطئ / أجزاء مفقودة / تلف مادي,Item errado / Peças faltando / Dano físico
售后,Duplicate Charge / Billing Issue,Doppelte Abbuchung / Abrechnungsproblem,Addebito duplicato / Problema di fatturazione,Cargo duplicado / Problema de facturación,Double facturation / Problème de facturation,Podwójne obciążenie / Problem z rozliczeniem,Dubbele afschrijving / Facturatieprobleem,Muirear Dúblach / Saincheist Billeála,二重請求 / 請求の問題,خصم مزدوج / مشكلة في الفوترة,Cobrança duplicada / Problema de faturamento
售后,💡 Find your tracking number in your order details and Track your order now on the INIU website.,💡 Finden Sie Ihre Sendungsnummer in Ihren Bestelldetails und verfolgen Sie Ihre Bestellung jetzt auf der INIU-Website.,💡 Trova il tuo numero di tracciamento nei dettagli dell'ordine e traccia il tuo ordine ora sul sito INIU.,💡 Encuentra tu número de seguimiento en los detalles de tu pedido y rastrea tu pedido ahora en el sitio web de INIU.,💡 Trouvez votre numéro de suivi dans les détails de votre commande et suivez votre commande dès maintenant sur le site INIU.,💡 Znajdź swój numer śledzenia w szczegółach zamówienia i śledź swoje zamówienie teraz na stronie INIU.,💡 Vind je trackingnummer in je bestelgegevens en volg je bestelling nu op de INIU-website.,💡 Faigh d'uimhir rianaithe i sonraí d'ordaithe agus rianaigh d'ordú anois ar shuíomh gréasáin INIU.,💡 注文詳細で追跡番号を見つけて、INIUウェブサイトで今すぐ注文を追跡してください。,💡 ابحث عن رقم التتبع الخاص بك في تفاصيل الطلب وتتبع طلبك الآن على موقع INIU.,💡 Encontre seu número de rastreamento nos detalhes do pedido e rastreie seu pedido agora no site da INIU.
售后,💡 For orders not yet shipped only.,💡 Nur für noch nicht versandte Bestellungen.,💡 Solo per ordini non ancora spediti.,💡 Solo para pedidos aún no enviados.,💡 Uniquement pour les commandes non encore expédiées.,💡 Tylko dla zamówień jeszcze nie wysłanych.,💡 Alleen voor nog niet verzonden bestellingen.,💡 Le haghaidh orduithe nár seoladh go fóill amháin.,💡 未発送の注文のみ対象です。,💡 فقط للطلبات التي لم يتم شحنها بعد.,💡 Apenas para pedidos ainda não enviados.
产品,Product category,Produktkategorie,Categoria prodotto,Categoría de producto,Catégorie de produit,Kategoria produktu,Productcategorie,Catagóir Táirge,製品カテゴリ,فئة المنتج,Categoria do produto
产品,Power Bank,Powerbank,Power bank,Batería externa,Batterie externe,Power bank,Powerbank,Banc Cumhachta,モバイルバッテリー,بنك طاقة,Power bank
产品,Cable,Kabel,Cavo,Cable,Câble,Kabel,Kabel,Cábla,ケーブル,كابل,Cabo
产品,Wireless Charger,Kabelloses Ladegerät,Caricatore wireless,Cargador inalámbrico,Chargeur sans fil,Ładowarka bezprzewodowa,Draadloze oplader,Luchtaire Gan Sreang,ワイヤレス充電器,شاحن لاسلكي,Carregador sem fio
产品,Wall Charger,Wandladegerät,Caricatore da parete,Cargador de pared,Chargeur mural,Ładowarka ścienna,Wandoplader,Luchtaire Balla,壁掛け充電器,شاحن جداري,Carregador de parede
产品,Car Charger,Auto-Ladegerät,Caricatore da auto,Cargador de coche,Chargeur de voiture,Ładowarka samochodowa,Auto-oplader,Luchtaire Gluaisteáin,車載充電器,شاحن سيارة,Carregador de carro
产品,Product model / link you are interested in,"Produktmodell / Link, an dem Sie interessiert sind",Modello/link del prodotto di tuo interesse,Modelo/enlace del producto que te interesa,Modèle/lien du produit qui vous intéresse,"Model/link produktu, którym jesteś zainteresowany",Productmodel/link waarin je geïnteresseerd bent,Samhail/nasc táirge a bhfuil suim agat ann,興味のある製品モデル / リンク,طراز المنتج / الرابط الذي تهتم به,Modelo/link do produto de seu interesse
产品,Estimated Order Quantity,Geschätzte Bestellmenge,Quantità ordine stimata,Cantidad estimada del pedido,Quantité de commande estimée,Szacowana ilość zamówienia,Geschatte bestelhoeveelheid,Méid Measta Ordaithe,推定注文数量,الكمية المقدرة للطلب,Quantidade estimada do pedido
产品,Message,Nachricht,Messaggio,Mensaje,Message,Wiadomość,Bericht,Teachtaireacht,メッセージ,رسالة,Mensagem
产品,Attachment,Anhang,Allegato,Archivo adjunto,Pièce jointe,Załącznik,Bijlage,Iatán,添付ファイル,مرفق,Anexo
故障,Power bank issues,Powerbank-Probleme,Problemi con il power bank,Problemas con la batería externa,Problèmes de batterie externe,Problemy z power bankiem,Powerbank-problemen,Saincheisteanna Bainc Cumhachta,モバイルバッテリーの問題,مشكلات بنك الطاقة,Problemas com o power bank
故障,Won't charge my device,Lädt mein Gerät nicht,Non carica il mio dispositivo,No carga mi dispositivo,Ne charge pas mon appareil,Nie ładuje mojego urządzenia,Laadt mijn apparaat niet op,Ní luchtaíonn mo ghléas,デバイスを充電しない,لا يشحن جهازي,Não carrega meu dispositivo
故障,Won't recharge,Lädt sich nicht wieder auf,Non si ricarica,No se recarga,Ne se recharge pas,Nie ładuje się ponownie,Laadt niet opnieuw op,Ní athluchtaíonn,再充電しない,لا يعيد الشحن,Não recarrega
故障,Slow charge,Langsames Laden,Ricarica lenta,Carga lenta,Charge lente,Wolne ładowanie,Langzaam opladen,Luchtú Mall,充電が遅い,شحن بطيء,Carregamento lento
故障,Battery / display issue,Batterie- / Anzeigeproblem,Problema batteria / display,Problema de batería / pantalla,Problème de batterie / affichage,Problem z baterią / wyświetlaczem,Batterij- / displayprobleem,Saincheist Ceallraí / Taispeána,バッテリー / ディスプレイの問題,مشكلة البطارية / الشاشة,Problema de bateria / display
故障,Getting too hot,Wird zu heiß,Si surriscalda troppo,Se calienta demasiado,Chauffe trop,Za bardzo się nagrzewa,Wordt te heet,Ag éirí ró-the,熱くなりすぎる,يسخن كثيرًا,Fica muito quente
故障,Magnetic connection issue,Problem mit Magnetverbindung,Problema di connessione magnetica,Problema de conexión magnética,Problème de connexion magnétique,Problem z połączeniem magnetycznym,Probleem met magnetische verbinding,Saincheist Nasc Maighnéadach,磁気接続の問題,مشكلة الاتصال المغناطيسي,Problema de conexão magnética
故障,Cable / port / physical damaged,Kabel / Anschluss / physisch beschädigt,Cavo / porta / danni fisici,Cable / puerto / daño físico,Câble / port / endommagé physiquement,Kabel / port / uszkodzenie fizyczne,Kabel / poort / fysiek beschadigd,Cábla / port / damáiste fisiciúil,ケーブル / ポート / 物理的損傷,كابل / منفذ / تلف مادي,Cabo / porta / dano físico
故障,Compablity issue,Kompatibilitätsproblem,Problema di compatibilità,Problema de compatibilidad,Problème de compatibilité,Problem ze zgodnością,Compatibiliteitsprobleem,Saincheist Comhoiriúnachta,互換性の問題,مشكلة التوافق,Problema de compatibilidade
故障,Something else,Etwas anderes,Qualcos'altro,Algo más,Autre chose,Coś innego,Iets anders,Rud éigin eile,その他,شيء آخر,Outra coisa
故障排查,⚡Won't charge my device? - Let's see if we can fix this quickly.  · Try another cable/ output port  · Try a new device and share your device's model with us  · Make sure the power bank has enough power,"⚡Gerät wird nicht geladen? – Lassen Sie uns sehen, ob wir das schnell beheben können. · Anderes Kabel / anderen Ausgangsport ausprobieren · Neues Gerät testen und Modell mitteilen · Sicherstellen, dass die Powerbank genug Ladung hat",⚡Il dispositivo non si carica? – Vediamo se possiamo risolverlo rapidamente. · Prova un altro cavo / porta di uscita · Prova un nuovo dispositivo e condividi il modello con noi · Assicurati che il power bank abbia abbastanza carica,⚡¿No carga tu dispositivo? – Veamos si podemos solucionarlo rápidamente. · Prueba otro cable / puerto de salida · Prueba un nuevo dispositivo y comparte el modelo con nosotros · Asegúrate de que la batería externa tenga suficiente carga,⚡L'appareil ne se charge pas ? – Voyons si nous pouvons résoudre cela rapidement. · Essayez un autre câble / port de sortie · Essayez un nouvel appareil et partagez son modèle avec nous · Assurez-vous que la batterie externe a suffisamment de charge,"⚡Urządzenie się nie ładuje? – Sprawdźmy, czy możemy to szybko naprawić. · Wypróbuj inny kabel / port wyjściowy · Wypróbuj nowe urządzenie i podziel się z nami jego modelem · Upewnij się, że power bank ma wystarczającą moc",⚡Apparaat laadt niet op? – Laten we kijken of we dit snel kunnen oplossen. · Probeer een andere kabel / uitgangspoort · Probeer een nieuw apparaat en deel het model met ons · Zorg dat de powerbank voldoende stroom heeft,⚡Ní luchtaíonn mo ghléas? – Féachaimis an féidir linn é seo a réiteach go tapa. · Bain triail as cábla / port aschuir eile · Bain triail as gléas nua agus roinn samhail do ghléis linn · Cinntigh go bhfuil go leor cumhachta sa bhanc cumhachta,⚡デバイスが充電されない？––すぐに解決できるか確認しましょう。· 別のケーブル / 出力ポートを試す · 別のデバイスを試し、デバイスのモデルをお知らせください · モバイルバッテリーに十分な電力があることを確認する,⚡جهازك لا يشحن؟ – دعنا نرى ما إذا كان يمكننا إصلاح ذلك بسرعة. · جرب كابل / منفذ إخراج آخر · جرب جهازًا جديدًا وشاركنا طراز جهازك · تأكد من أن بنك الطاقة لديه طاقة كافية,⚡Seu dispositivo não carrega? – Vamos ver se podemos resolver isso rapidamente. · Tente outro cabo / porta de saída · Tente um novo dispositivo e compartilhe o modelo conosco · Certifique-se de que o power bank tenha carga suficiente
故障排查,"⚡Won't recharge? - Let's see if we can fix this quickly.  · Make sure you're using the correct input port  · Try a different charging cable, 18W or higher wall charger, power outlet  · Leave the power bank charging for at least 30 minutes, then check the battery indicator again","⚡Lädt sich nicht wieder auf? – Lassen Sie uns sehen, ob wir das schnell beheben können. · Stellen Sie sicher, dass Sie den richtigen Eingangsport verwenden · Anderes Ladekabel, 18W+ Wandladegerät, Steckdose ausprobieren · Powerbank mindestens 30 Minuten laden lassen, dann Batterieanzeige erneut prüfen","⚡Non si ricarica? – Vediamo se possiamo risolverlo rapidamente. · Assicurati di utilizzare la porta di ingresso corretta · Prova un cavo di ricarica diverso, caricatore da parete da 18W o superiore, presa di corrente · Lascia caricare il power bank per almeno 30 minuti, poi controlla di nuovo l'indicatore della batteria","⚡¿No se recarga? – Veamos si podemos solucionarlo rápidamente. · Asegúrate de usar el puerto de entrada correcto · Prueba otro cable de carga, cargador de pared de 18W o más, enchufe · Deja cargar la batería externa al menos 30 minutos, luego verifica el indicador de batería de nuevo","⚡Ne se recharge pas ? – Voyons si nous pouvons résoudre cela rapidement. · Assurez-vous d'utiliser le bon port d'entrée · Essayez un autre câble de charge, un chargeur mural de 18W ou plus, une prise électrique · Laissez la batterie externe charger pendant au moins 30 minutes, puis vérifiez à nouveau l'indicateur de batterie","⚡Nie ładuje się ponownie? – Sprawdźmy, czy możemy to szybko naprawić. · Upewnij się, że używasz właściwego portu wejściowego · Wypróbuj inny kabel ładujący, ładowarkę ścienną 18W+, gniazdko · Pozostaw power bank do ładowania na co najmniej 30 minut, a następnie sprawdź wskaźnik baterii","⚡Laadt niet opnieuw op? – Laten we kijken of we dit snel kunnen oplossen. · Zorg dat je de juiste ingangspoort gebruikt · Probeer een andere oplaadkabel, 18W+ wandoplader, stopcontact · Laat de powerbank minstens 30 minuten opladen en controleer de batterij-indicator opnieuw","⚡Ní athluchtaíonn? – Féachaimis an féidir linn é seo a réiteach go tapa. · Cinntigh go bhfuil tú ag úsáid an phort ionchuir cheart · Bain triail as cábla luchtaithe eile, luchtaire balla 18W nó níos airde, asraon cumhachta · Fág an banc cumhachta ag luchtú ar feadh 30 nóiméad ar a laghad, ansin seiceáil an táscaire ceallraí arís",⚡再充電されない？––すぐに解決できるか確認しましょう。· 正しい入力ポートを使用していることを確認する · 別の充電ケーブル、18W以上の壁掛け充電器、電源コンセントを試す · モバイルバッテリーを少なくとも30分間充電してから、バッテリーインジケーターを再度確認する,⚡لا يعيد الشحن؟ – دعنا نرى ما إذا كان يمكننا إصلاح ذلك بسرعة. · تأكد من أنك تستخدم منفذ الإدخال الصحيح · جرب كابل شحن مختلف، وشاحن جداري 18W أو أعلى، ومقبس طاقة · اترك بنك الطاقة يشحن لمدة 30 دقيقة على الأقل، ثم تحقق من مؤشر البطارية مرة أخرى,"⚡Não recarrega? – Vamos ver se podemos resolver isso rapidamente. · Certifique-se de usar a porta de entrada correta · Tente um cabo de carregamento diferente, carregador de parede de 18W+, tomada · Deixe o power bank carregando por pelo menos 30 minutos e verifique o indicador de bateria novamente"
故障排查,"⚡Slow charge? - Let's see if we can fix this quickly.💡 A Quick Note on Charging SpeedsUnder the same charging protocol, your charging speed is decided by the device with the lowest max speed.For example, if your phone supports 20W and your power bank supports 45W, your phone will charge at 20W to protect its battery.1. If the power bank cannot fast charge a phone: 1) Try another cable and USB output port2) Estimated Charging Time (hours) ≈ (Battery Capacity (mAh) ÷ 1000 × 3.85V) ÷ Charging Power (W) + 0.5 hoursExample: An iPhone 12 has a battery capacity of 2,815 mAh and supports up to 20W wired charging. Even when using a 45W power bank, the phone can only charge at up to 20W.Estimated charging time: 2,815 ÷ 1,000 × 3.85 ÷ 20 + 0.5 ≈ 1 hourNotes:① 3.85V = Typical voltage of a smartphone battery② Charging Power (W) = The maximum charging power supported by your phone③ Actual charging time may vary depending on the phone, cable, battery level, temperature, and other charging conditions1. If the power bank itself cannot be fast charged:1) Use a 18W or higher adapter and another cable to recharge it again2) Estimated Recharging Time(hour) ≈ Charging Time (hours) ≈ Power Bank Energy (Wh) ÷ (Adapter Power (W) × 80%) + 0.5 hoursExample: for a 10,000mAh (37Wh) power bank using an 18W adapter: 37Wh ÷ (18W × 80%) + 0.5 ≈ 3 hoursNotes:① Wh (Watt-hours) = The total energy capacity of the power bank② 80% = An estimated charging efficiency. Some energy is lost during the charging process③ Actual charging time may vary depending on the adapter, cable, power bank, temperature, and other charging conditions","⚡Langsames Laden? – Lassen Sie uns sehen, ob wir das schnell beheben können.💡 Ein kurzer Hinweis zu LadegeschwindigkeitenBeim gleichen Ladeprotokoll wird Ihre Ladegeschwindigkeit durch das Gerät mit der niedrigsten Maximalgeschwindigkeit bestimmt.Wenn Ihr Telefon beispielsweise 20W unterstützt und Ihre Powerbank 45W, lädt Ihr Telefon zum Schutz des Akkus mit 20W.1. Wenn die Powerbank ein Telefon nicht schnellladen kann: 1) Anderes Kabel und USB-Ausgangsport ausprobieren2) Geschätzte Ladezeit (Stunden) ≈ (Akkukapazität (mAh) ÷ 1000 × 3,85V) ÷ Ladeleistung (W) + 0,5 StundenBeispiel: Ein iPhone 12 hat eine Akkukapazität von 2.815 mAh und unterstützt bis zu 20W kabelgebundenes Laden. Selbst mit einer 45W-Powerbank kann das Telefon nur mit bis zu 20W laden.Geschätzte Ladezeit: 2.815 ÷ 1.000 × 3,85 ÷ 20 + 0,5 ≈ 1 StundeHinweise:① 3,85V = Typische Spannung eines Smartphone-Akkus② Ladeleistung (W) = Die maximal von Ihrem Telefon unterstützte Ladeleistung③ Die tatsächliche Ladezeit kann je nach Telefon, Kabel, Akkustand, Temperatur und anderen Ladebedingungen variieren1. Wenn die Powerbank selbst nicht schnellgeladen werden kann:1) Verwenden Sie einen 18W+ Adapter und ein anderes Kabel zum erneuten Aufladen2) Geschätzte Wiederaufladezeit (Stunden) ≈ Powerbank-Energie (Wh) ÷ (Adapterleistung (W) × 80%) + 0,5 StundenBeispiel: Für eine 10.000mAh (37Wh) Powerbank mit einem 18W-Adapter: 37Wh ÷ (18W × 80%) + 0,5 ≈ 3 StundenHinweise:① Wh (Wattstunden) = Die gesamte Energiekapazität der Powerbank② 80% = Eine geschätzte Ladeeffizienz. Ein Teil der Energie geht beim Laden verloren③ Die tatsächliche Ladezeit kann je nach Adapter, Kabel, Powerbank, Temperatur und anderen Ladebedingungen variieren","⚡Ricarica lenta? – Vediamo se possiamo risolverlo rapidamente.💡 Una nota rapida sulle velocità di ricaricaCon lo stesso protocollo di ricarica, la velocità è determinata dal dispositivo con la velocità massima più bassa.Ad esempio, se il tuo telefono supporta 20W e il tuo power bank 45W, il telefono si caricherà a 20W per proteggere la batteria.1. Se il power bank non riesce a caricare rapidamente un telefono: 1) Prova un altro cavo e porta USB2) Tempo di ricarica stimato (ore) ≈ (Capacità batteria (mAh) ÷ 1000 × 3,85V) ÷ Potenza di ricarica (W) + 0,5 oreEsempio: Un iPhone 12 ha una capacità di 2.815 mAh e supporta fino a 20W di ricarica cablata. Anche con un power bank da 45W, il telefono può caricare solo fino a 20W.Tempo di ricarica stimato: 2.815 ÷ 1.000 × 3,85 ÷ 20 + 0,5 ≈ 1 oraNote:① 3,85V = Tensione tipica di una batteria smartphone② Potenza di ricarica (W) = La potenza massima supportata dal telefono③ Il tempo effettivo può variare in base a telefono, cavo, livello batteria, temperatura e altre condizioni1. Se il power bank stesso non può essere caricato rapidamente:1) Usa un adattatore da 18W+ e un altro cavo per ricaricarlo2) Tempo di ricarica stimato (ore) ≈ Energia power bank (Wh) ÷ (Potenza adattatore (W) × 80%) + 0,5 oreEsempio: per un power bank da 10.000mAh (37Wh) con adattatore 18W: 37Wh ÷ (18W × 80%) + 0,5 ≈ 3 oreNote:① Wh = Capacità energetica totale del power bank② 80% = Efficienza di ricarica stimata. Parte dell'energia viene persa durante la ricarica③ Il tempo effettivo può variare","⚡¿Carga lenta? – Veamos si podemos solucionarlo rápidamente.💡 Una nota rápida sobre velocidades de cargaBajo el mismo protocolo de carga, la velocidad la determina el dispositivo con la velocidad máxima más baja.Por ejemplo, si tu teléfono admite 20W y tu batería externa 45W, tu teléfono cargará a 20W para proteger su batería.1. Si la batería externa no puede cargar rápidamente un teléfono: 1) Prueba otro cable y puerto USB2) Tiempo de carga estimado (horas) ≈ (Capacidad de batería (mAh) ÷ 1000 × 3,85V) ÷ Potencia de carga (W) + 0,5 horasEjemplo: Un iPhone 12 tiene 2.815 mAh y admite hasta 20W de carga por cable. Incluso con una batería externa de 45W, el teléfono solo puede cargar hasta 20W.Tiempo estimado: 2.815 ÷ 1.000 × 3,85 ÷ 20 + 0,5 ≈ 1 horaNotas:① 3,85V = Voltaje típico de batería de smartphone② Potencia de carga (W) = Potencia máxima admitida por tu teléfono③ El tiempo real puede variar según el teléfono, cable, nivel de batería, temperatura y otras condiciones1. Si la batería externa no puede cargarse rápidamente:1) Usa un adaptador de 18W+ y otro cable para recargarla2) Tiempo de recarga estimado (horas) ≈ Energía (Wh) ÷ (Potencia del adaptador (W) × 80%) + 0,5 horasEjemplo: batería de 10.000mAh (37Wh) con adaptador 18W: 37Wh ÷ (18W × 80%) + 0,5 ≈ 3 horasNotas:① Wh = Capacidad energética total de la batería externa② 80% = Eficiencia de carga estimada. Parte de la energía se pierde durante la carga③ El tiempo real puede variar","⚡Charge lente ? – Voyons si nous pouvons résoudre cela rapidement.💡 Une note rapide sur les vitesses de chargeAvec le même protocole de charge, votre vitesse est déterminée par l'appareil ayant la vitesse maximale la plus basse.Par exemple, si votre téléphone prend en charge 20W et votre batterie externe 45W, votre téléphone chargera à 20W pour protéger sa batterie.1. Si la batterie externe ne peut pas charger rapidement un téléphone : 1) Essayez un autre câble et port USB2) Temps de charge estimé (heures) ≈ (Capacité batterie (mAh) ÷ 1000 × 3,85V) ÷ Puissance de charge (W) + 0,5 heureExemple : Un iPhone 12 a une capacité de 2.815 mAh et prend en charge jusqu'à 20W en charge filaire. Même avec une batterie externe 45W, le téléphone ne peut charger qu'à 20W.Temps estimé : 2.815 ÷ 1.000 × 3,85 ÷ 20 + 0,5 ≈ 1 heureNotes :① 3,85V = Tension typique d'une batterie de smartphone② Puissance de charge (W) = Puissance maximale prise en charge par votre téléphone③ Le temps réel peut varier selon le téléphone, le câble, le niveau de batterie, la température, etc.1. Si la batterie externe elle-même ne peut pas être chargée rapidement :1) Utilisez un adaptateur 18W+ et un autre câble pour la recharger2) Temps de recharge estimé (heures) ≈ Énergie (Wh) ÷ (Puissance adaptateur (W) × 80%) + 0,5 heureExemple : batterie 10.000mAh (37Wh) avec adaptateur 18W : 37Wh ÷ (18W × 80%) + 0,5 ≈ 3 heuresNotes :① Wh = Capacité énergétique totale de la batterie externe② 80% = Efficacité de charge estimée. Une partie de l'énergie est perdue pendant la charge③ Le temps réel peut varier","⚡Wolne ładowanie? – Sprawdźmy, czy możemy to szybko naprawić.💡 Szybka uwaga o prędkościach ładowaniaPrzy tym samym protokole ładowania prędkość zależy od urządzenia o najniższej maksymalnej prędkości.Np. jeśli Twój telefon obsługuje 20W, a power bank 45W, telefon będzie ładował się z mocą 20W, aby chronić baterię.1. Jeśli power bank nie może szybko naładować telefonu: 1) Wypróbuj inny kabel i port USB2) Szacowany czas ładowania (godz.) ≈ (Pojemność baterii (mAh) ÷ 1000 × 3,85V) ÷ Moc ładowania (W) + 0,5 godz.Przykład: iPhone 12 ma pojemność 2.815 mAh i obsługuje do 20W ładowania przewodowego. Nawet z power bankiem 45W telefon naładuje się maksymalnie 20W.Szacowany czas: 2.815 ÷ 1.000 × 3,85 ÷ 20 + 0,5 ≈ 1 godz.Uwagi:① 3,85V = Typowe napięcie baterii smartfona② Moc ładowania (W) = Maksymalna moc obsługiwana przez telefon③ Rzeczywisty czas może się różnić w zależności od telefonu, kabla, poziomu baterii, temperatury itp.1. Jeśli sam power bank nie może być szybko ładowany:1) Użyj adaptera 18W+ i innego kabla do ponownego naładowania2) Szacowany czas ładowania (godz.) ≈ Energia power banku (Wh) ÷ (Moc adaptera (W) × 80%) + 0,5 godz.Przykład: power bank 10.000mAh (37Wh) z adapterem 18W: 37Wh ÷ (18W × 80%) + 0,5 ≈ 3 godz.Uwagi:① Wh = Całkowita pojemność energetyczna power banku② 80% = Szacowana wydajność ładowania. Część energii jest tracona podczas ładowania③ Rzeczywisty czas może się różnić","⚡Langzaam opladen? – Laten we kijken of we dit snel kunnen oplossen.💡 Een korte opmerking over laadsnelhedenOnder hetzelfde laadprotocol wordt je laadsnelheid bepaald door het apparaat met de laagste maximale snelheid.Als je telefoon bijvoorbeeld 20W ondersteunt en je powerbank 45W, zal je telefoon met 20W opladen om de batterij te beschermen.1. Als de powerbank een telefoon niet snel kan opladen: 1) Probeer een andere kabel en USB-poort2) Geschatte oplaadtijd (uur) ≈ (Batterijcapaciteit (mAh) ÷ 1000 × 3,85V) ÷ Laadvermogen (W) + 0,5 uurVoorbeeld: Een iPhone 12 heeft 2.815 mAh en ondersteunt tot 20W bekabeld laden. Zelfs met een 45W powerbank kan de telefoon slechts tot 20W laden.Geschatte tijd: 2.815 ÷ 1.000 × 3,85 ÷ 20 + 0,5 ≈ 1 uurOpmerkingen:① 3,85V = Typische spanning van een smartphonebatterij② Laadvermogen (W) = Het maximale laadvermogen ondersteund door je telefoon③ De werkelijke tijd kan variëren afhankelijk van telefoon, kabel, batterijniveau, temperatuur, enz.1. Als de powerbank zelf niet snel kan worden opgeladen:1) Gebruik een 18W+ adapter en een andere kabel om hem opnieuw op te laden2) Geschatte oplaadtijd (uur) ≈ Powerbank-energie (Wh) ÷ (Adaptervermogen (W) × 80%) + 0,5 uurVoorbeeld: een 10.000mAh (37Wh) powerbank met 18W adapter: 37Wh ÷ (18W × 80%) + 0,5 ≈ 3 uurOpmerkingen:① Wh = Totale energiecapaciteit van de powerbank② 80% = Geschatte laadefficiëntie. Een deel van de energie gaat verloren tijdens het laden③ De werkelijke tijd kan variëren","⚡Luchtú mall? – Féachaimis an féidir linn é seo a réiteach go tapa.💡 Nóta Gasta ar Luasanna LuchtaitheFaoin bprótacal luchtaithe céanna, socraítear do luas luchtaithe ag an ngléas leis an luas uasta is ísle.Mar shampla, má thacaíonn do ghuthán le 20W agus do bhanc cumhachta le 45W, luchtóidh do ghuthán ag 20W chun a cheallra a chosaint.1. Mura féidir leis an mbanc cumhachta guthán a luchtú go tapa: 1) Bain triail as cábla agus port USB eile2) Am Luchtaithe Measta (uaireanta) ≈ (Toilleadh Ceallraí (mAh) ÷ 1000 × 3,85V) ÷ Cumhacht Luchtaithe (W) + 0.5 uairSampla: Tá toilleadh 2,815 mAh ag iPhone 12 agus tacaíonn sé le suas le 20W luchtaithe sreinge. Fiú le banc cumhachta 45W, ní fhéadfaidh an guthán luchtú ach ag 20W.Am measta: 2,815 ÷ 1,000 × 3.85 ÷ 20 + 0.5 ≈ 1 uairNótaí:① 3.85V = Gnáthvoltas ceallraí fóin chliste② Cumhacht Luchtaithe (W) = An chumhacht luchtaithe uasta a thacaíonn do ghuthán léi③ Féadfaidh an t-am iarbhír a bheith éagsúil ag brath ar ghuthán, cábla, leibhéal ceallraí, teocht, etc.1. Mura féidir an banc cumhachta féin a luchtú go tapa:1) Úsáid cuibheoir 18W+ agus cábla eile chun é a athluchtú2) Am Athluchtaithe Measta (uaireanta) ≈ Fuinneamh (Wh) ÷ (Cumhacht Cuibheora (W) × 80%) + 0.5 uairSampla: banc cumhachta 10,000mAh (37Wh) le cuibheoir 18W: 37Wh ÷ (18W × 80%) + 0.5 ≈ 3 uairNótaí:① Wh = Toilleadh fuinnimh iomlán an bhainc chumhachta② 80% = Éifeachtúlacht luchtaithe mheasta. Cailltear roinnt fuinnimh le linn an phróisis③ Féadfaidh an t-am iarbhír a bheith éagsúil","⚡充電が遅い？––すぐに解決できるか確認しましょう。💡 充電速度に関する簡単な注意事項同じ充電プロトコルでは、充電速度は最大速度が最も低いデバイスによって決まります。例えば、お使いのスマートフォンが20Wに対応し、モバイルバッテリーが45Wに対応している場合、スマートフォンはバッテリー保護のため20Wで充電されます。1. モバイルバッテリーがスマートフォンを急速充電できない場合： 1) 別のケーブルとUSB出力ポートを試す2) 推定充電時間（時間）≈（バッテリー容量（mAh）÷ 1000 × 3.85V）÷ 充電電力（W）+ 0.5時間例：iPhone 12のバッテリー容量は2,815 mAhで、最大20Wの有線充電に対応。45Wのモバイルバッテリーを使用しても、スマートフォンは最大20Wでしか充電できません。推定充電時間：2,815 ÷ 1,000 × 3.85 ÷ 20 + 0.5 ≈ 1時間注意事項：① 3.85V = スマートフォンバッテリーの標準電圧② 充電電力（W）= お使いのスマートフォンが対応する最大充電電力③ 実際の充電時間は、スマートフォン、ケーブル、バッテリー残量、温度、その他の充電条件によって異なります1. モバイルバッテリー自体が急速充電できない場合：1) 18W以上のアダプターと別のケーブルを使用して再充電する2) 推定再充電時間（時間）≈ モバイルバッテリーエネルギー（Wh）÷（アダプター電力（W）× 80%）+ 0.5時間例：10,000mAh（37Wh）のモバイルバッテリーを18Wアダプターで充電する場合：37Wh ÷（18W × 80%）+ 0.5 ≈ 3時間注意事項：① Wh（ワット時）= モバイルバッテリーの総エネルギー容量② 80% = 推定充電効率。充電プロセス中に一部のエネルギーが失われます③ 実際の充電時間は、アダプター、ケーブル、モバイルバッテリー、温度、その他の充電条件によって異なります","⚡شحن بطيء؟ – دعنا نرى ما إذا كان يمكننا إصلاح ذلك بسرعة.💡 ملاحظة سريعة حول سرعات الشحنبموجب نفس بروتوكول الشحن، يتم تحديد سرعة الشحن بواسطة الجهاز صاحب أقل سرعة قصوى.على سبيل المثال، إذا كان هاتفك يدعم 20W وبنك الطاقة يدعم 45W، فسيشحن هاتفك بقدرة 20W لحماية بطاريته.1. إذا كان بنك الطاقة لا يمكنه شحن الهاتف بسرعة: 1) جرب كابل ومنفذ USB آخرين2) وقت الشحن المقدر (ساعات) ≈ (سعة البطارية (mAh) ÷ 1000 × 3.85V) ÷ طاقة الشحن (W) + 0.5 ساعةمثال: iPhone 12 بسعة بطارية 2,815 mAh ويدعم حتى 20W شحن سلكي. حتى مع بنك طاقة 45W، يمكن للهاتف الشحن بقدرة 20W فقط.الوقت المقدر: 2,815 ÷ 1,000 × 3.85 ÷ 20 + 0.5 ≈ ساعة واحدةملاحظات:① 3.85V = الجهد النموذجي لبطارية الهاتف الذكي② طاقة الشحن (W) = أقصى طاقة شحن يدعمها هاتفك③ قد يختلف وقت الشحن الفعلي حسب الهاتف والكابل ومستوى البطارية ودرجة الحرارة وظروف الشحن الأخرى1. إذا كان بنك الطاقة نفسه لا يمكن شحنه بسرعة:1) استخدم محول 18W أو أعلى وكابل آخر لإعادة شحنه2) وقت إعادة الشحن المقدر (ساعات) ≈ طاقة بنك الطاقة (Wh) ÷ (طاقة المحول (W) × 80%) + 0.5 ساعةمثال: بنك طاقة 10,000mAh (37Wh) مع محول 18W: 37Wh ÷ (18W × 80%) + 0.5 ≈ 3 ساعاتملاحظات:① Wh = سعة الطاقة الإجمالية لبنك الطاقة② 80% = كفاءة شحن مقدرة. يتم فقد بعض الطاقة أثناء عملية الشحن③ قد يختلف وقت الشحن الفعلي حسب المحول والكابل وبنك الطاقة ودرجة الحرارة وظروف الشحن الأخرى","⚡Carregamento lento? – Vamos ver se podemos resolver isso rapidamente.💡 Uma nota rápida sobre velocidades de carregamentoSob o mesmo protocolo de carregamento, sua velocidade é determinada pelo dispositivo com a menor velocidade máxima.Por exemplo, se seu telefone suporta 20W e seu power bank 45W, seu telefone carregará a 20W para proteger sua bateria.1. Se o power bank não consegue carregar rapidamente um telefone: 1) Tente outro cabo e porta USB2) Tempo estimado de carregamento (horas) ≈ (Capacidade da bateria (mAh) ÷ 1000 × 3,85V) ÷ Potência de carregamento (W) + 0,5 horaExemplo: Um iPhone 12 tem 2.815 mAh e suporta até 20W de carregamento com fio. Mesmo com um power bank de 45W, o telefone só pode carregar a até 20W.Tempo estimado: 2.815 ÷ 1.000 × 3,85 ÷ 20 + 0,5 ≈ 1 horaNotas:① 3,85V = Tensão típica de bateria de smartphone② Potência de carregamento (W) = Potência máxima suportada pelo seu telefone③ O tempo real pode variar dependendo do telefone, cabo, nível da bateria, temperatura, etc.1. Se o próprio power bank não puder ser carregado rapidamente:1) Use um adaptador de 18W+ e outro cabo para recarregá-lo2) Tempo estimado de recarga (horas) ≈ Energia do power bank (Wh) ÷ (Potência do adaptador (W) × 80%) + 0,5 horaExemplo: power bank de 10.000mAh (37Wh) com adaptador de 18W: 37Wh ÷ (18W × 80%) + 0,5 ≈ 3 horasNotas:① Wh = Capacidade total de energia do power bank② 80% = Eficiência de carregamento estimada. Parte da energia é perdida durante o carregamento③ O tempo real pode variar"
售后,Hassle‑Free Returns,Problemlose Rückgabe,Resi senza problemi,Devoluciones sin complicaciones,Retours sans tracas,Bezproblemowe zwroty,Probleemloos retourneren,Filleadh gan stró,手間のかからない返品,إرجاع بدون متاعب,Devoluções sem complicações
说明,💡 Find your tracking number in your order details and Track your order now on the INIU website.,💡 Finden Sie Ihre Sendungsnummer in Ihren Bestelldetails und verfolgen Sie Ihre Bestellung jetzt auf der INIU-Website.,💡 Trova il numero di tracciamento nei dettagli dell'ordine e traccia subito il tuo ordine sul sito INIU.,💡 Encuentra tu número de seguimiento en los detalles del pedido y rastrea tu pedido ahora en el sitio web de INIU.,💡 Trouvez votre numéro de suivi dans les détails de votre commande et suivez votre commande dès maintenant sur le site INIU.,💡 Znajdź numer śledzenia w szczegółach zamówienia i śledź zamówienie teraz na stronie INIU.,💡 Vind je trackingnummer in je bestelgegevens en volg je bestelling nu op de INIU-website.,💡 Faigh d'uimhir rianaithe i sonraí d'ordaithe agus rianaigh d'ordú anois ar shuíomh gréasáin INIU.,💡 注文詳細で追跡番号を確認し、INIUのウェブサイトで今すぐ注文を追跡できます。,💡 ابحث عن رقم التتبع في تفاصيل طلبك وتتبع طلبك الآن على موقع INIU.,💡 Encontre seu número de rastreamento nos detalhes do pedido e rastreie seu pedido agora no site da INIU.
说明,💡 For orders not yet shipped only.,💡 Nur für noch nicht versandte Bestellungen.,💡 Solo per ordini non ancora spediti.,💡 Solo para pedidos que aún no se han enviado.,💡 Uniquement pour les commandes non encore expédiées.,💡 Tylko dla zamówień jeszcze niewysłanych.,💡 Alleen voor bestellingen die nog niet zijn verzonden.,💡 Le haghaidh orduithe nár seoladh go fóill amháin.,💡 未発送の注文のみ対象です。,💡 للطلبات التي لم يتم شحنها بعد فقط.,💡 Somente para pedidos ainda não enviados.
故障排查,⚡Battery / Display Issue? - Let's see if we can fix this quickly.· Use a different cable and wall charger to fully recharge your power bank and check the battery indicator again,"⚡Batterie-/Displayproblem? – Lassen Sie uns sehen, ob wir das schnell beheben können.· Verwenden Sie ein anderes Kabel und Wandladegerät, um Ihre Powerbank vollständig aufzuladen, und prüfen Sie die Batterieanzeige erneut",⚡Problema batteria/display? – Vediamo se possiamo risolverlo rapidamente.· Usa un cavo e un caricatore da parete diversi per ricaricare completamente il power bank e controlla di nuovo l'indicatore della batteria,⚡¿Problema de batería/pantalla? – Veamos si podemos solucionarlo rápidamente.· Usa otro cable y cargador de pared para recargar completamente tu batería externa y revisa el indicador de nuevo,⚡Problème de batterie/écran ? – Voyons si nous pouvons résoudre cela rapidement.· Utilisez un autre câble et chargeur mural pour recharger complètement votre batterie externe et vérifiez à nouveau l'indicateur,"⚡Problem z baterią/wyświetlaczem? – Sprawdźmy, czy możemy to szybko naprawić.· Użyj innego kabla i ładowarki ściennej, aby w pełni naładować power bank, i sprawdź wskaźnik baterii ponownie",⚡Batterij-/displayprobleem? – Laten we kijken of we dit snel kunnen oplossen.· Gebruik een andere kabel en wandoplader om je powerbank volledig op te laden en controleer de batterij-indicator opnieuw,⚡Fadhb ceallraí/taispeána? – Féachaimis an féidir linn é seo a réiteach go tapa.· Úsáid cábla agus luchtaire balla eile chun do bhanc cumhachta a athluchtú go hiomlán agus seiceáil an táscaire ceallraí arís,⚡バッテリー/画面の問題？–すぐに解決できるか確認しましょう。· 別のケーブルと壁掛け充電器を使用してモバイルバッテリーを完全に充電し、バッテリーインジケーターを再度確認する,⚡مشكلة في البطارية/الشاشة؟ – دعنا نرى ما إذا كان يمكننا إصلاح ذلك بسرعة.· استخدم كابلًا وشاحنًا جداريًا مختلفين لإعادة شحن بنك الطاقة بالكامل وتحقق من مؤشر البطارية مرة أخرى,⚡Problema de bateria/tela? – Vamos ver se podemos resolver isso rapidamente.· Use outro cabo e carregador de parede para recarregar totalmente o power bank e verifique o indicador de bateria novamente
故障,Wireless charger issues,Probleme mit kabellosem Ladegerät,Problemi con caricabatterie wireless,Problemas con cargador inalámbrico,Problèmes de chargeur sans fil,Problemy z ładowarką bezprzewodową,Problemen met draadloze oplader,Fadhbanna le luchtaire gan sreang,ワイヤレス充電器の問題,مشاكل الشاحن اللاسلكي,Problemas com carregador sem fio
故障,Compability issue,Kompatibilitätsproblem,Problema di compatibilità,Problema de compatibilidad,Problème de compatibilité,Problem ze zgodnością,Compatibiliteitsprobleem,Fadhb comhoiriúnachta,互換性の問題,مشكلة التوافق,Problema de compatibilidade
故障,Indicator light issue,Problem mit Anzeigelampe,Problema con la luce indicatore,Problema con la luz indicadora,Problème de voyant lumineux,Problem ze wskaźnikiem świetlnym,Probleem met indicatorlampje,Fadhb leis an solas táscaire,インジケーターライトの問題,مشكلة ضوء المؤشر,Problema com a luz indicadora
故障,Physical damage,Physischer Schaden,Danno fisico,Daño físico,Dommage physique,Uszkodzenie fizyczne,Fysieke schade,Damáiste fisiciúil,物理的損傷,ضرر مادي,Dano físico
故障,Strange noise,Seltsames Geräusch,Rumore strano,Ruido extraño,Bruit étrange,Dziwny dźwięk,Vreemd geluid,Torann aisteach,異音,ضوضاء غريبة,Ruído estranho
故障排查,⚡Compability issue? - Let's see if we can fix this quickly.· Check whether your device is compatible with the wireless charger· Remove your case and try charging again,"⚡Kompatibilitätsproblem? – Lassen Sie uns sehen, ob wir das schnell beheben können.· Prüfen Sie, ob Ihr Gerät mit dem kabellosen Ladegerät kompatibel ist· Entfernen Sie die Hülle und versuchen Sie erneut zu laden",⚡Problema di compatibilità? – Vediamo se possiamo risolverlo rapidamente.· Controlla se il tuo dispositivo è compatibile con il caricabatterie wireless· Rimuovi la custodia e prova a ricaricare di nuovo,⚡¿Problema de compatibilidad? – Veamos si podemos solucionarlo rápidamente.· Comprueba si tu dispositivo es compatible con el cargador inalámbrico· Quita la funda e intenta cargar de nuevo,⚡Problème de compatibilité ? – Voyons si nous pouvons résoudre cela rapidement.· Vérifiez si votre appareil est compatible avec le chargeur sans fil· Retirez votre coque et réessayez de charger,"⚡Problem ze zgodnością? – Sprawdźmy, czy możemy to szybko naprawić.· Sprawdź, czy Twoje urządzenie jest zgodne z ładowarką bezprzewodową· Zdejmij etui i spróbuj ponownie ładować",⚡Compatibiliteitsprobleem? – Laten we kijken of we dit snel kunnen oplossen.· Controleer of je apparaat compatibel is met de draadloze oplader· Verwijder je hoesje en probeer opnieuw op te laden,⚡Fadhb comhoiriúnachta? – Féachaimis an féidir linn é seo a réiteach go tapa.· Seiceáil an bhfuil do ghléas comhoiriúnach leis an luchtaire gan sreang· Bain do chás agus bain triail as luchtú arís,⚡互換性の問題？–すぐに解決できるか確認しましょう。· デバイスがワイヤレス充電器と互換性があるか確認する· ケースを外して再度充電してみる,⚡مشكلة التوافق؟ – دعنا نرى ما إذا كان يمكننا إصلاح ذلك بسرعة.· تحقق مما إذا كان جهازك متوافقًا مع الشاحن اللاسلكي· أزل الغطاء وحاول الشحن مرة أخرى,⚡Problema de compatibilidade? – Vamos ver se podemos resolver isso rapidamente.· Verifique se seu dispositivo é compatível com o carregador sem fio· Remova a capa e tente carregar novamente
故障排查,⚡Indicator light issue? - Let's see if we can fix this quickly.· Make sure the cable and wall adapter are securely connected· Try a different cable and wall adapter,"⚡Problem mit Anzeigelampe? – Lassen Sie uns sehen, ob wir das schnell beheben können.· Stellen Sie sicher, dass Kabel und Wandadapter fest verbunden sind· Probieren Sie ein anderes Kabel und einen anderen Wandadapter",⚡Problema con la luce indicatore? – Vediamo se possiamo risolverlo rapidamente.· Assicurati che cavo e adattatore da parete siano collegati saldamente· Prova un cavo e un adattatore diversi,⚡¿Problema con la luz indicadora? – Veamos si podemos solucionarlo rápidamente.· Asegúrate de que el cable y el adaptador estén bien conectados· Prueba otro cable y adaptador,⚡Problème de voyant lumineux ? – Voyons si nous pouvons résoudre cela rapidement.· Assurez-vous que le câble et l'adaptateur mural sont bien connectés· Essayez un autre câble et adaptateur,"⚡Problem ze wskaźnikiem? – Sprawdźmy, czy możemy to szybko naprawić.· Upewnij się, że kabel i adapter ścienny są pewnie podłączone· Wypróbuj inny kabel i adapter",⚡Probleem met indicatorlampje? – Laten we kijken of we dit snel kunnen oplossen.· Zorg dat kabel en wandadapter stevig zijn aangesloten· Probeer een andere kabel en wandadapter,⚡Fadhb leis an solas táscaire? – Féachaimis an féidir linn é seo a réiteach go tapa.· Cinntigh go bhfuil an cábla agus an cuibheoir balla ceangailte go daingean· Bain triail as cábla agus cuibheoir balla eile,⚡インジケーターライトの問題？–すぐに解決できるか確認しましょう。· ケーブルと壁掛けアダプターが確実に接続されていることを確認する· 別のケーブルと壁掛けアダプターを試す,⚡مشكلة ضوء المؤشر؟ – دعنا نرى ما إذا كان يمكننا إصلاح ذلك بسرعة.· تأكد من توصيل الكابل والمحول الجداري بإحكام· جرب كابلًا ومحولًا جداريًا مختلفين,⚡Problema com a luz indicadora? – Vamos ver se podemos resolver isso rapidamente.· Certifique-se de que o cabo e o adaptador de parede estejam bem conectados· Tente outro cabo e adaptador
故障,Won't transfer data,Überträgt keine Daten,Non trasferisce dati,No transfiere datos,Ne transfère pas de données,Nie przesyła danych,Draagt geen gegevens over,Ní aistríonn sonraí,データ転送できない,لا ينقل البيانات,Não transfere dados
故障,Connection issue,Verbindungsproblem,Problema di connessione,Problema de conexión,Problème de connexion,Problem z połączeniem,Verbindingsprobleem,Fadhb nasctha,接続の問題,مشكلة في الاتصال,Problema de conexão
故障排查,"⚡Won't charge? - Let's see if we can fix this quickly.· Try a different wall charger, power outlet, device· If possible, try a different cable","⚡Lädt nicht? – Lassen Sie uns sehen, ob wir das schnell beheben können.· Anderes Wandladegerät, Steckdose, Gerät ausprobieren· Falls möglich, anderes Kabel verwenden","⚡Non si carica? – Vediamo se possiamo risolverlo rapidamente.· Prova un caricatore da parete, una presa o un dispositivo diversi· Se possibile, prova un cavo diverso","⚡¿No carga? – Veamos si podemos solucionarlo rápidamente.· Prueba otro cargador de pared, enchufe o dispositivo· Si es posible, prueba otro cable","⚡Ne charge pas ? – Voyons si nous pouvons résoudre cela rapidement.· Essayez un autre chargeur mural, une autre prise, un autre appareil· Si possible, essayez un autre câble","⚡Nie ładuje się? – Sprawdźmy, czy możemy to szybko naprawić.· Wypróbuj inną ładowarkę ścienną, gniazdko, urządzenie· Jeśli to możliwe, wypróbuj inny kabel","⚡Laadt niet op? – Laten we kijken of we dit snel kunnen oplossen.· Probeer een andere wandoplader, stopcontact, apparaat· Probeer indien mogelijk een andere kabel","⚡Ní luchtaíonn? – Féachaimis an féidir linn é seo a réiteach go tapa.· Bain triail as luchtaire balla, asraon cumhachta, gléas eile· Más féidir, bain triail as cábla eile",⚡充電できない？–すぐに解決できるか確認しましょう。· 別の壁掛け充電器、電源コンセント、デバイスを試す· 可能であれば別のケーブルを試す,⚡لا يشحن؟ – دعنا نرى ما إذا كان يمكننا إصلاح ذلك بسرعة.· جرب شاحنًا جداريًا أو مقبس طاقة أو جهازًا مختلفًا· إذا أمكن، جرب كابلًا مختلفًا,"⚡Não carrega? – Vamos ver se podemos resolver isso rapidamente.· Tente outro carregador de parede, tomada, dispositivo· Se possível, tente outro cabo"
故障排查,"⚡Won't transfer data? - Let's see if we can fix this quickly.· If possible, try another compatible data cable","⚡Überträgt keine Daten? – Lassen Sie uns sehen, ob wir das schnell beheben können.· Falls möglich, ein anderes kompatibles Datenkabel ausprobieren","⚡Non trasferisce dati? – Vediamo se possiamo risolverlo rapidamente.· Se possibile, prova un altro cavo dati compatibile","⚡¿No transfiere datos? – Veamos si podemos solucionarlo rápidamente.· Si es posible, prueba otro cable de datos compatible","⚡Ne transfère pas de données ? – Voyons si nous pouvons résoudre cela rapidement.· Si possible, essayez un autre câble de données compatible","⚡Nie przesyła danych? – Sprawdźmy, czy możemy to szybko naprawić.· Jeśli to możliwe, wypróbuj inny zgodny kabel danych",⚡Draagt geen gegevens over? – Laten we kijken of we dit snel kunnen oplossen.· Probeer indien mogelijk een andere compatibele datakabel,"⚡Ní aistríonn sonraí? – Féachaimis an féidir linn é seo a réiteach go tapa.· Más féidir, bain triail as cábla sonraí comhoiriúnach eile",⚡データ転送できない？–すぐに解決できるか確認しましょう。· 可能であれば、別の互換データケーブルを試す,⚡لا ينقل البيانات؟ – دعنا نرى ما إذا كان يمكننا إصلاح ذلك بسرعة.· إذا أمكن، جرب كابل بيانات متوافقًا آخر,"⚡Não transfere dados? – Vamos ver se podemos resolver isso rapidamente.· Se possível, tente outro cabo de dados compatível"
故障排查,"⚡Connection issue? - Let's see if we can fix this quickly.· Try a different wall charger, power outlet, device· If possible, try a different cable","⚡Verbindungsproblem? – Lassen Sie uns sehen, ob wir das schnell beheben können.· Anderes Wandladegerät, Steckdose, Gerät ausprobieren· Falls möglich, anderes Kabel verwenden","⚡Problema di connessione? – Vediamo se possiamo risolverlo rapidamente.· Prova un caricatore da parete, una presa o un dispositivo diversi· Se possibile, prova un cavo diverso","⚡¿Problema de conexión? – Veamos si podemos solucionarlo rápidamente.· Prueba otro cargador de pared, enchufe o dispositivo· Si es posible, prueba otro cable","⚡Problème de connexion ? – Voyons si nous pouvons résoudre cela rapidement.· Essayez un autre chargeur mural, une autre prise, un autre appareil· Si possible, essayez un autre câble","⚡Problem z połączeniem? – Sprawdźmy, czy możemy to szybko naprawić.· Wypróbuj inną ładowarkę ścienną, gniazdko, urządzenie· Jeśli to możliwe, wypróbuj inny kabel","⚡Verbindingsprobleem? – Laten we kijken of we dit snel kunnen oplossen.· Probeer een andere wandoplader, stopcontact, apparaat· Probeer indien mogelijk een andere kabel","⚡Fadhb nasctha? – Féachaimis an féidir linn é seo a réiteach go tapa.· Bain triail as luchtaire balla, asraon cumhachta, gléas eile· Más féidir, bain triail as cábla eile",⚡接続の問題？–すぐに解決できるか確認しましょう。· 別の壁掛け充電器、電源コンセント、デバイスを試す· 可能であれば別のケーブルを試す,⚡مشكلة في الاتصال؟ – دعنا نرى ما إذا كان يمكننا إصلاح ذلك بسرعة.· جرب شاحنًا جداريًا أو مقبس طاقة أو جهازًا مختلفًا· إذا أمكن، جرب كابلًا مختلفًا,"⚡Problema de conexão? – Vamos ver se podemos resolver isso rapidamente.· Tente outro carregador de parede, tomada, dispositivo· Se possível, tente outro cabo"
故障,Wall charge issues,Probleme mit Wandladegerät,Problemi con caricatore da parete,Problemas con cargador de pared,Problèmes de chargeur mural,Problemy z ładowarką ścienną,Problemen met wandoplader,Fadhbanna le luchtaire balla,壁掛け充電器の問題,مشاكل الشاحن الجداري,Problemas com carregador de parede
故障,Charging port issue,Problem mit Ladeanschluss,Problema con la porta di ricarica,Problema con el puerto de carga,Problème de port de charge,Problem z portem ładowania,Probleem met oplaadpoort,Fadhb le port luchtaithe,充電ポートの問題,مشكلة في منفذ الشحن,Problema com a porta de carregamento
故障,Multiple ports not working as expected,Mehrere Anschlüsse funktionieren nicht wie erwartet,Più porte non funzionano come previsto,Varios puertos no funcionan como se esperaba,Plusieurs ports ne fonctionnent pas comme prévu,Wiele portów nie działa zgodnie z oczekiwaniami,Meerdere poorten werken niet zoals verwacht,Níl roinnt port ag feidhmiú mar a bhíothas ag súil,複数のポートが正常に動作しない,منافذ متعددة لا تعمل كما هو متوقع,Várias portas não funcionam como esperado
故障排查,"⚡Won't charge? - Let's see if we can fix this quickly.· Try a different cable, port, device· If possible, try a different wall charge","⚡Lädt nicht? – Lassen Sie uns sehen, ob wir das schnell beheben können.· Anderes Kabel, Anschluss, Gerät ausprobieren· Falls möglich, anderes Wandladegerät verwenden","⚡Non si carica? – Vediamo se possiamo risolverlo rapidamente.· Prova un cavo, una porta o un dispositivo diversi· Se possibile, prova un caricatore da parete diverso","⚡¿No carga? – Veamos si podemos solucionarlo rápidamente.· Prueba otro cable, puerto o dispositivo· Si es posible, prueba otro cargador de pared","⚡Ne charge pas ? – Voyons si nous pouvons résoudre cela rapidement.· Essayez un autre câble, port, appareil· Si possible, essayez un autre chargeur mural","⚡Nie ładuje się? – Sprawdźmy, czy możemy to szybko naprawić.· Wypróbuj inny kabel, port, urządzenie· Jeśli to możliwe, wypróbuj inną ładowarkę ścienną","⚡Laadt niet op? – Laten we kijken of we dit snel kunnen oplossen.· Probeer een andere kabel, poort, apparaat· Probeer indien mogelijk een andere wandoplader","⚡Ní luchtaíonn? – Féachaimis an féidir linn é seo a réiteach go tapa.· Bain triail as cábla, port, gléas eile· Más féidir, bain triail as luchtaire balla eile",⚡充電できない？–すぐに解決できるか確認しましょう。· 別のケーブル、ポート、デバイスを試す· 可能であれば別の壁掛け充電器を試す,⚡لا يشحن؟ – دعنا نرى ما إذا كان يمكننا إصلاح ذلك بسرعة.· جرب كابلًا أو منفذًا أو جهازًا مختلفًا· إذا أمكن، جرب شاحنًا جداريًا مختلفًا,"⚡Não carrega? – Vamos ver se podemos resolver isso rapidamente.· Tente outro cabo, porta, dispositivo· Se possível, tente outro carregador de parede"
故障排查,"⚡Charging port issue? - Let's see if we can fix this quickly.· Try a different cable, charging port, device· Check the port for visible damage or debris","⚡Problem mit Ladeanschluss? – Lassen Sie uns sehen, ob wir das schnell beheben können.· Anderes Kabel, Ladeanschluss, Gerät ausprobieren· Anschluss auf sichtbare Schäden oder Schmutz prüfen","⚡Problema con la porta di ricarica? – Vediamo se possiamo risolverlo rapidamente.· Prova un cavo, una porta o un dispositivo diversi· Controlla la porta per danni visibili o detriti","⚡¿Problema con el puerto de carga? – Veamos si podemos solucionarlo rápidamente.· Prueba otro cable, puerto o dispositivo· Revisa el puerto por daños visibles o residuos","⚡Problème de port de charge ? – Voyons si nous pouvons résoudre cela rapidement.· Essayez un autre câble, port, appareil· Vérifiez le port pour des dommages visibles ou des débris","⚡Problem z portem ładowania? – Sprawdźmy, czy możemy to szybko naprawić.· Wypróbuj inny kabel, port, urządzenie· Sprawdź port pod kątem widocznych uszkodzeń lub zanieczyszczeń","⚡Probleem met oplaadpoort? – Laten we kijken of we dit snel kunnen oplossen.· Probeer een andere kabel, poort, apparaat· Controleer de poort op zichtbare schade of vuil","⚡Fadhb le port luchtaithe? – Féachaimis an féidir linn é seo a réiteach go tapa.· Bain triail as cábla, port, gléas eile· Seiceáil an port le haghaidh damáiste nó smionagar infheicthe",⚡充電ポートの問題？–すぐに解決できるか確認しましょう。· 別のケーブル、充電ポート、デバイスを試す· ポートに目に見える損傷や異物がないか確認する,⚡مشكلة في منفذ الشحن؟ – دعنا نرى ما إذا كان يمكننا إصلاح ذلك بسرعة.· جرب كابلًا أو منفذ شحن أو جهازًا مختلفًا· افحص المنفذ بحثًا عن تلف أو حطام مرئي,"⚡Problema com a porta de carregamento? – Vamos ver se podemos resolver isso rapidamente.· Tente outro cabo, porta, dispositivo· Verifique a porta quanto a danos visíveis ou detritos"
故障排查,"⚡Multiple ports not working as expected? - Let's see if we can fix this quickly.· Check your charger's power distribution when multiple devices are connected· If possible, try each port individually to identify the issue","⚡Mehrere Anschlüsse funktionieren nicht wie erwartet? – Lassen Sie uns sehen, ob wir das schnell beheben können.· Prüfen Sie die Stromverteilung Ihres Ladegeräts, wenn mehrere Geräte verbunden sind· Falls möglich, testen Sie jeden Anschluss einzeln, um das Problem zu finden","⚡Più porte non funzionano come previsto? – Vediamo se possiamo risolverlo rapidamente.· Controlla la distribuzione di potenza del caricatore quando più dispositivi sono collegati· Se possibile, prova ogni porta singolarmente per identificare il problema","⚡¿Varios puertos no funcionan como se esperaba? – Veamos si podemos solucionarlo rápidamente.· Comprueba la distribución de energía del cargador cuando hay varios dispositivos conectados· Si es posible, prueba cada puerto individualmente","⚡Plusieurs ports ne fonctionnent pas comme prévu ? – Voyons si nous pouvons résoudre cela rapidement.· Vérifiez la répartition de puissance du chargeur lorsque plusieurs appareils sont connectés· Si possible, testez chaque port individuellement","⚡Wiele portów nie działa zgodnie z oczekiwaniami? – Sprawdźmy, czy możemy to szybko naprawić.· Sprawdź dystrybucję mocy ładowarki, gdy podłączonych jest wiele urządzeń· Jeśli to możliwe, przetestuj każdy port osobno",⚡Meerdere poorten werken niet zoals verwacht? – Laten we kijken of we dit snel kunnen oplossen.· Controleer de stroomverdeling van je oplader wanneer meerdere apparaten zijn aangesloten· Probeer indien mogelijk elke poort afzonderlijk,"⚡Níl roinnt port ag feidhmiú mar a bhíothas ag súil? – Féachaimis an féidir linn é seo a réiteach go tapa.· Seiceáil dáileadh cumhachta do luchtaire nuair a bhíonn ilghléasanna ceangailte· Más féidir, bain triail as gach port ina n-aonar",⚡複数のポートが正常に動作しない？–すぐに解決できるか確認しましょう。· 複数のデバイスが接続されているときの充電器の電力分配を確認する· 可能であれば各ポートを個別に試して問題を特定する,⚡منافذ متعددة لا تعمل كما هو متوقع؟ – دعنا نرى ما إذا كان يمكننا إصلاح ذلك بسرعة.· تحقق من توزيع طاقة الشاحن عند توصيل أجهزة متعددة· إذا أمكن، جرب كل منفذ على حدة لتحديد المشكلة,"⚡Várias portas não funcionam como esperado? – Vamos ver se podemos resolver isso rapidamente.· Verifique a distribuição de energia do carregador quando vários dispositivos estão conectados· Se possível, teste cada porta individualmente"
故障,Car charger issues,Probleme mit Auto-Ladegerät,Problemi con caricatore da auto,Problemas con cargador de coche,Problèmes de chargeur de voiture,Problemy z ładowarką samochodową,Problemen met autolader,Fadhbanna le luchtaire cairr,カー充電器の問題,مشاكل شاحن السيارة,Problemas com carregador de carro
故障,Doesn't fit or stay secure,Passt nicht oder sitzt nicht sicher,Non si adatta o non resta fermo,No encaja o no se mantiene seguro,Ne s'adapte pas ou ne tient pas bien,Nie pasuje lub nie trzyma się pewnie,Past niet of blijft niet stevig zitten,Ní luíonn nó ní fhanann daingean,適合しない、またはしっかり固定されない,لا يناسب أو لا يثبت بإحكام,Não encaixa ou não fica firme
故障排查,"⚡Won't charge? - Let's see if we can fix this quickly.· Make sure the car charger is securely connected to the lighter socket· Try a different cable, port, device","⚡Lädt nicht? – Lassen Sie uns sehen, ob wir das schnell beheben können.· Stellen Sie sicher, dass das Auto-Ladegerät fest mit der Zigarettenanzünderbuchse verbunden ist· Anderes Kabel, Anschluss, Gerät ausprobieren","⚡Non si carica? – Vediamo se possiamo risolverlo rapidamente.· Assicurati che il caricatore da auto sia collegato saldamente alla presa accendisigari· Prova un cavo, una porta o un dispositivo diversi","⚡¿No carga? – Veamos si podemos solucionarlo rápidamente.· Asegúrate de que el cargador de coche esté bien conectado a la toma del encendedor· Prueba otro cable, puerto o dispositivo","⚡Ne charge pas ? – Voyons si nous pouvons résoudre cela rapidement.· Assurez-vous que le chargeur de voiture est bien connecté à la prise allume-cigare· Essayez un autre câble, port, appareil","⚡Nie ładuje się? – Sprawdźmy, czy możemy to szybko naprawić.· Upewnij się, że ładowarka samochodowa jest pewnie podłączona do gniazda zapalniczki· Wypróbuj inny kabel, port, urządzenie","⚡Laadt niet op? – Laten we kijken of we dit snel kunnen oplossen.· Zorg dat de autolader stevig is aangesloten op de sigarettenaansteker· Probeer een andere kabel, poort, apparaat","⚡Ní luchtaíonn? – Féachaimis an féidir linn é seo a réiteach go tapa.· Cinntigh go bhfuil an luchtaire cairr ceangailte go daingean leis an soicéad lastóirí· Bain triail as cábla, port, gléas eile",⚡充電できない？–すぐに解決できるか確認しましょう。· カー充電器がシガーソケットに確実に接続されていることを確認する· 別のケーブル、ポート、デバイスを試す,⚡لا يشحن؟ – دعنا نرى ما إذا كان يمكننا إصلاح ذلك بسرعة.· تأكد من توصيل شاحن السيارة بإحكام بمقبس الولاعة· جرب كابلًا أو منفذًا أو جهازًا مختلفًا,"⚡Não carrega? – Vamos ver se podemos resolver isso rapidamente.· Certifique-se de que o carregador de carro esteja bem conectado à tomada do isqueiro· Tente outro cabo, porta, dispositivo"
故障排查,⚡Doesn't fit or stay secure? - Let's see if we can fix this quickly.· Make sure the car charger is securely connected to the lighter socket· Check that the socket is compatible with the charger's size and design,"⚡Passt nicht oder sitzt nicht sicher? – Lassen Sie uns sehen, ob wir das schnell beheben können.· Stellen Sie sicher, dass das Auto-Ladegerät fest mit der Zigarettenanzünderbuchse verbunden ist· Prüfen Sie, ob die Buchse mit Größe und Design des Ladegeräts kompatibel ist",⚡Non si adatta o non resta fermo? – Vediamo se possiamo risolverlo rapidamente.· Assicurati che il caricatore da auto sia collegato saldamente alla presa accendisigari· Verifica che la presa sia compatibile con dimensioni e design del caricatore,⚡¿No encaja o no se mantiene seguro? – Veamos si podemos solucionarlo rápidamente.· Asegúrate de que el cargador esté bien conectado a la toma del encendedor· Comprueba que la toma sea compatible con el tamaño y diseño del cargador,⚡Ne s'adapte pas ou ne tient pas bien ? – Voyons si nous pouvons résoudre cela rapidement.· Assurez-vous que le chargeur est bien connecté à la prise allume-cigare· Vérifiez que la prise est compatible avec la taille et la conception du chargeur,"⚡Nie pasuje lub nie trzyma się pewnie? – Sprawdźmy, czy możemy to szybko naprawić.· Upewnij się, że ładowarka jest pewnie podłączona do gniazda zapalniczki· Sprawdź, czy gniazdo jest zgodne z rozmiarem i konstrukcją ładowarki",⚡Past niet of blijft niet stevig zitten? – Laten we kijken of we dit snel kunnen oplossen.· Zorg dat de autolader stevig is aangesloten op de sigarettenaansteker· Controleer of de aansluiting compatibel is met formaat en ontwerp van de oplader,⚡Ní luíonn nó ní fhanann daingean? – Féachaimis an féidir linn é seo a réiteach go tapa.· Cinntigh go bhfuil an luchtaire cairr ceangailte go daingean leis an soicéad lastóirí· Seiceáil go bhfuil an soicéad comhoiriúnach le méid agus dearadh an luchtaire,⚡適合しない、またはしっかり固定されない？–すぐに解決できるか確認しましょう。· カー充電器がシガーソケットに確実に接続されていることを確認する· ソケットが充電器のサイズとデザインに互換性があるか確認する,⚡لا يناسب أو لا يثبت بإحكام؟ – دعنا نرى ما إذا كان يمكننا إصلاح ذلك بسرعة.· تأكد من توصيل شاحن السيارة بإحكام بمقبس الولاعة· تحقق من أن المقبس متوافق مع حجم وتصميم الشاحن,⚡Não encaixa ou não fica firme? – Vamos ver se podemos resolver isso rapidamente.· Certifique-se de que o carregador esteja bem conectado à tomada do isqueiro· Verifique se a tomada é compatível com o tamanho e design do carregador
提示标题,Have you completed the quick troubleshooting?,Haben Sie die Schnell-Fehlerbehebung abgeschlossen?,Hai completato la risoluzione rapida dei problemi?,¿Has completado la resolución rápida de problemas?,Avez-vous terminé le dépannage rapide ?,Czy ukończyłeś szybkie rozwiązywanie problemów?,Heb je de snelle probleemoplossing voltooid?,Ar chríochnaigh tú an fabhtcheartú tapa?,クイックトラブルシューティングは完了しましたか？,هل أكملت استكشاف الأخطاء السريع؟,Você concluiu a solução rápida de problemas?
一级选项,"Yes, but it still doesn't work","Ja, aber es funktioniert immer noch nicht","Sì, ma ancora non funziona","Sí, pero todavía no funciona","Oui, mais ça ne fonctionne toujours pas","Tak, ale nadal nie działa","Ja, maar het werkt nog steeds niet","Tá, ach ní oibríonn sé fós",はい、でもまだ動作しません,نعم، لكنه ما زال لا يعمل,"Sim, mas ainda não funciona"
一级选项,"Yes, the issue is fixed","Ja, das Problem ist behoben","Sì, il problema è risolto","Sí, el problema está resuelto","Oui, le problème est résolu","Tak, problem został rozwiązany","Ja, het probleem is opgelost","Tá, tá an fhadhb réitithe",はい、問題は解決しました,نعم، تم حل المشكلة,"Sim, o problema foi resolvido"
一级选项,Need help,Brauche Hilfe,Ho bisogno di aiuto,Necesito ayuda,Besoin d'aide,Potrzebuję pomocy,Hulp nodig,Teastaíonn cabhair uaim,助けが必要です,بحاجة إلى مساعدة,Preciso de ajuda
提示,"🎉 Great news!  We're so glad the troubleshooting steps worked — your device is back up and running!  If you run into any other questions, we're always here to help. Just reach out anytime.","🎉 Tolle Neuigkeiten! Wir freuen uns sehr, dass die Fehlerbehebung funktioniert hat – Ihr Gerät läuft wieder! Bei weiteren Fragen sind wir jederzeit für Sie da. Melden Sie sich einfach jederzeit.","🎉 Ottima notizia! Siamo felici che i passaggi di risoluzione abbiano funzionato – il tuo dispositivo è di nuovo funzionante! Per qualsiasi altra domanda, siamo sempre qui per aiutarti. Contattaci in qualsiasi momento.","🎉 ¡Excelentes noticias! Nos alegra que los pasos de solución hayan funcionado: ¡tu dispositivo vuelve a funcionar! Si tienes más preguntas, siempre estamos aquí para ayudarte. Contáctanos cuando quieras.","🎉 Excellente nouvelle ! Nous sommes ravis que le dépannage ait fonctionné – votre appareil est de nouveau opérationnel ! Pour toute autre question, nous sommes toujours là pour vous aider. Contactez-nous à tout moment.","🎉 Świetna wiadomość! Cieszymy się, że kroki rozwiązywania problemów zadziałały – Twoje urządzenie znów działa! W razie innych pytań zawsze chętnie pomożemy. Skontaktuj się z nami w dowolnym momencie.",🎉 Geweldig nieuws! We zijn blij dat de stappen voor probleemoplossing hebben gewerkt – je apparaat werkt weer! Bij andere vragen staan we altijd voor je klaar. Neem gerust contact op wanneer je wilt.,"🎉 Dea-scéal! Táimid an-sásta gur oibrigh na céimeanna fabhtcheartaithe – tá do ghléas ag feidhmiú arís! Má bhíonn aon cheist eile agat, bímid anseo i gcónaí chun cabhrú. Déan teagmháil linn am ar bith.",🎉 良い知らせです！トラブルシューティングの手順がうまくいき、デバイスが再び動作するようになりました！他にご質問があれば、いつでもお手伝いします。いつでもお気軽にご連絡ください。,🎉 خبر رائع! نحن سعداء بأن خطوات استكشاف الأخطاء نجحت – جهازك يعمل مرة أخرى! إذا واجهت أي أسئلة أخرى، فنحن دائمًا هنا للمساعدة. تواصل معنا في أي وقت.,"🎉 Ótima notícia! Ficamos felizes que as etapas de solução de problemas funcionaram – seu dispositivo voltou a funcionar! Se tiver outras dúvidas, estamos sempre aqui para ajudar. Entre em contato quando quiser."
通用,Product model/name,Produktmodell/-name,Modello/nome del prodotto,Modelo/nombre del producto,Modèle/nom du produit,Model/nazwa produktu,Productmodel/-naam,Samhail/ainm an táirge,製品モデル/名前,موديل/اسم المنتج,Modelo/nome do produto
通用,Problem description,Problembeschreibung,Descrizione del problema,Descripción del problema,Description du problème,Opis problemu,Probleembeschrijving,Cur síos ar an bhfadhb,問題の説明,وصف المشكلة,Descrição do problema
通用,Where did you purchase,Wo haben Sie gekauft,Dove hai acquistato,¿Dónde compraste?,Où avez-vous acheté,Gdzie dokonałeś zakupu,Waar heb je gekocht,Cá cheannaigh tú,どこで購入しましたか,من أين اشتريت,Onde você comprou
一级选项,INIU Official Store,INIU Official Store,INIU Official Store,INIU Official Store,INIU Official Store,INIU Official Store,INIU Official Store,INIU Official Store,INIU公式ストア,متجر INIU الرسمي,Loja Oficial INIU
一级选项,Walmart,Walmart,Walmart,Walmart,Walmart,Walmart,Walmart,Walmart,ウォルマート,وول مارت,Walmart
一级选项,Target,Target,Target,Target,Target,Target,Target,Target,ターゲット,تارجت,Target
一级选项,BestBuy,BestBuy,BestBuy,BestBuy,BestBuy,BestBuy,BestBuy,BestBuy,ベストバイ,بيست باي,BestBuy
一级选项,Cdiscount,Cdiscount,Cdiscount,Cdiscount,Cdiscount,Cdiscount,Cdiscount,Cdiscount,Cdiscount,Cdiscount,Cdiscount
一级选项,Coolblue,Coolblue,Coolblue,Coolblue,Coolblue,Coolblue,Coolblue,Coolblue,Coolblue,Coolblue,Coolblue
说明,"📍 Bought in-store?  Use the model number for Order ID, and a quick photo works as proof.","📍 Im Geschäft gekauft? Verwenden Sie die Modellnummer als Bestell-ID, ein schnelles Foto dient als Nachweis.","📍 Acquistato in negozio? Usa il numero di modello come ID ordine, una foto rapida funge da prova.","📍 ¿Comprado en tienda? Usa el número de modelo como ID de pedido, una foto rápida sirve como comprobante.","📍 Acheté en magasin ? Utilisez le numéro de modèle comme ID de commande, une photo rapide sert de preuve.","📍 Kupione w sklepie? Użyj numeru modelu jako ID zamówienia, szybkie zdjęcie posłuży jako dowód.","📍 In de winkel gekocht? Gebruik het modelnummer als order-ID, een snelle foto geldt als bewijs.","📍 Ceannaithe sa siopa? Úsáid uimhir an mhúnla mar Aitheantas Ordaithe, feidhmíonn grianghraf tapa mar chruthúnas.",📍 店舗で購入しましたか？注文IDとしてモデル番号を使用し、簡単な写真が証明として機能します。,📍 اشتريت من المتجر؟ استخدم رقم الموديل كمعرف الطلب، وصورة سريعة تعمل كإثبات.,"📍 Comprou na loja? Use o número do modelo como ID do pedido, uma foto rápida serve como comprovante."
通用,Order ID,Bestell-ID,ID ordine,ID del pedido,ID de commande,ID zamówienia,Order-ID,Aitheantas Ordaithe,注文ID,معرف الطلب,ID do pedido
通用,Proof of purchase,Kaufnachweis,Prova d'acquisto,Comprobante de compra,Preuve d'achat,Dowód zakupu,Aankoopbewijs,Cruthúnas ceannaigh,購入証明,إثبات الشراء,Comprovante de compra
通用,Upload video/photo (max file size: 50mb),Video/Foto hochladen (max. Dateigröße: 50 MB),Carica video/foto (dimensione massima file: 50 MB),Subir video/foto (tamaño máximo: 50 MB),Télécharger une vidéo/photo (taille max : 50 Mo),Prześlij wideo/zdjęcie (maks. rozmiar pliku: 50 MB),Video/foto uploaden (max. bestandsgrootte: 50 MB),Uaslódáil físeán/grianghraf (uas-mhéid comhaid: 50mb),動画/写真をアップロード（最大ファイルサイズ：50MB）,رفع فيديو/صورة (الحد الأقصى لحجم الملف: 50 ميجابايت),Enviar vídeo/foto (tamanho máximo: 50 MB)
说明,💡 Want a faster resolution? Upload a video/ photo showing the issue—it can help us process your replacement or claim much faster.,"💡 Möchten Sie eine schnellere Lösung? Laden Sie ein Video/Foto hoch, das das Problem zeigt – das hilft uns, Ihren Ersatz oder Anspruch viel schneller zu bearbeiten.",💡 Vuoi una risoluzione più rapida? Carica un video/foto che mostra il problema: può aiutarci a elaborare la sostituzione o il reclamo molto più velocemente.,💡 ¿Quieres una resolución más rápida? Sube un video/foto que muestre el problema: puede ayudarnos a procesar tu reemplazo o reclamo mucho más rápido.,💡 Vous voulez une résolution plus rapide ? Téléchargez une vidéo/photo montrant le problème – cela peut nous aider à traiter votre remplacement ou réclamation beaucoup plus rapidement.,💡 Chcesz szybszego rozwiązania? Prześlij wideo/zdjęcie pokazujące problem – pomoże nam to znacznie szybciej przetworzyć wymianę lub reklamację.,💡 Wil je een snellere oplossing? Upload een video/foto van het probleem – dit helpt ons je vervanging of claim veel sneller te verwerken.,💡 Ar mhaith leat réiteach níos tapúla? Uaslódáil físeán/grianghraf a thaispeánann an fhadhb – cabhróidh sé linn do athsholáthar nó d'éileamh a phróiseáil i bhfad níos tapúla.,💡 より迅速な解決をご希望ですか？問題を示す動画/写真をアップロードしてください。交換や請求の処理を大幅に迅速化できます。,💡 تريد حلًا أسرع؟ ارفع فيديو/صورة توضح المشكلة – يمكن أن يساعدنا في معالجة الاستبدال أو المطالبة بشكل أسرع بكثير.,💡 Quer uma resolução mais rápida? Envie um vídeo/foto mostrando o problema – isso pode nos ajudar a processar sua substituição ou reclamação muito mais rápido.
通用,Shipping address,Lieferadresse,Indirizzo di spedizione,Dirección de envío,Adresse de livraison,Adres wysyłki,Verzendadres,Seoladh seolta,配送先住所,عنوان الشحن,Endereço de envio
说明,"For replacement shipping only, if needed","Nur für Ersatzversand, falls erforderlich","Solo per la spedizione di sostituzione, se necessario","Solo para envío de reemplazo, si es necesario","Uniquement pour l'expédition de remplacement, si nécessaire","Tylko do wysyłki zastępczej, jeśli to konieczne","Alleen voor vervangende verzending, indien nodig","Le haghaidh seoladh athsholáthair amháin, más gá",必要な場合のみ、交換品の発送に使用します,لشحن الاستبدال فقط، إذا لزم الأمر,"Somente para envio de substituição, se necessário"
说明,"✉️ Prefer direct email? You can also reach us at contact@iniu.shop, though standard response times may apply.","✉️ Lieber direkte E-Mail? Sie erreichen uns auch unter contact@iniu.shop, wobei übliche Antwortzeiten gelten können.","✉️ Preferisci l'email diretta? Puoi anche contattarci a contact@iniu.shop, anche se potrebbero applicarsi tempi di risposta standard.","✉️ ¿Prefieres el correo directo? También puedes contactarnos en contact@iniu.shop, aunque pueden aplicarse tiempos de respuesta estándar.","✉️ Vous préférez l'e-mail direct ? Vous pouvez aussi nous joindre à contact@iniu.shop, des délais de réponse standard pouvant s'appliquer.","✉️ Wolisz bezpośredni e-mail? Możesz też skontaktować się z nami pod adresem contact@iniu.shop, choć mogą obowiązywać standardowe czasy odpowiedzi.","✉️ Liever direct e-mailen? Je kunt ons ook bereiken via contact@iniu.shop, al kunnen standaard responstijden gelden.","✉️ Is fearr leat ríomhphost díreach? Is féidir leat teagmháil a dhéanamh linn freisin ag contact@iniu.shop, cé go bhféadfadh amanna freagartha caighdeánacha a bheith i bhfeidhm.",✉️ 直接メールをご希望ですか？contact@iniu.shop でもご連絡いただけますが、標準の返信時間が適用される場合があります。,✉️ تفضل البريد الإلكتروني المباشر؟ يمكنك أيضًا التواصل معنا على contact@iniu.shop، مع العلم بأن أوقات الاستجابة القياسية قد تنطبق.,"✉️ Prefere e-mail direto? Você também pode nos contatar em contact@iniu.shop, embora possam ser aplicados tempos de resposta padrão."
通用,First name,Vorname,Nome,Nombre,Prénom,Imię,Voornaam,Céadainm,名,الاسم الأول,Primeiro nome
通用,Last name,Nachname,Cognome,Apellido,Nom de famille,Nazwisko,Achternaam,Sloinne,姓,اسم العائلة,Sobrenome
通用,Email address,E-Mail-Adresse,Indirizzo email,Dirección de correo electrónico,Adresse e-mail,Adres e-mail,E-mailadres,Seoladh ríomhphoist,メールアドレス,عنوان البريد الإلكتروني,Endereço de e-mail
通用,Confirm email address,E-Mail-Adresse bestätigen,Conferma indirizzo email,Confirmar dirección de correo,Confirmer l'adresse e-mail,Potwierdź adres e-mail,Bevestig e-mailadres,Deimhnigh seoladh ríomhphoist,メールアドレスを確認,تأكيد عنوان البريد الإلكتروني,Confirmar endereço de e-mail
通用,Verification,Verifizierung,Verifica,Verificación,Vérification,Weryfikacja,Verificatie,Fíorú,確認,التحقق,Verificação
按钮,Clear all answers,Alle Antworten löschen,Cancella tutte le risposte,Borrar todas las respuestas,Effacer toutes les réponses,Wyczyść wszystkie odpowiedzi,Alle antwoorden wissen,Glan gach freagra,すべての回答をクリア,مسح جميع الإجابات,Limpar todas as respostas
